# Blender 5.2.0 LTS
# www.blender.org
mtllib Untitled.mtl
o オオトリビーム
v -0.344522 1.863544 0.021760//xyz
v -0.342894 1.863874 0.021216
v -0.343094 1.862398 0.022532
v -0.344323 1.865020 0.020444
v -0.330653 1.939973 0.109614
v -0.329025 1.940303 0.109069
v -0.329224 1.938827 0.110385
v -0.330454 1.941449 0.108298
vn 0.3444 -0.7346 0.5847
vn 0.9313 0.1889 -0.3114
vn 0.3444 -0.7345 0.5846
vn -0.3445 0.7345 -0.5846
vn -0.3444 0.7345 -0.5846
vn -0.9313 -0.1889 0.3113
vt 1.000000 1.000000
vt 1.000000 0.500000
vt 1.000000 0.000000
s 1
usemtl BEAM
f 3/1/1 2/2/2 6/2/2 7/1/3
f 2/2/2 4/3/4 8/3/5 6/2/2
f 1/2/6 5/2/6 8/3/5 4/3/4
f 3/1/1 7/1/3 5/2/6 1/2/6
o オオトリ装備
v 0.196535 1.468085 0.266323
v 0.252726 1.535568 0.280024
v 0.147464 1.518228 0.220594
v 0.203655 1.585711 0.234294
v 0.304960 1.418522 0.065763
v 0.361150 1.486004 0.079464
v 0.275000 1.449137 0.037843
v 0.331190 1.516619 0.051544
v 0.277024 1.428360 0.026331
v 0.353788 1.520551 0.045047
v 0.317200 1.418782 -0.091268
v 0.443147 1.275993 0.095494
v 0.483323 1.266415 -0.022105
v 0.560087 1.358606 -0.003389
v 0.467656 1.292663 0.096304
v 0.522724 1.358799 0.109731
v 0.503200 1.284189 -0.007739
v 0.558269 1.350325 0.005688
v 0.591684 1.295549 0.138441
v 0.627228 1.287076 0.034399
v 0.311640 1.419369 0.111470
v 0.352767 1.468761 0.121498
v 0.402945 1.367128 -0.005690
v 0.444073 1.416520 0.004338
v 0.250231 1.482121 0.054243
v 0.291358 1.531513 0.064270
v 0.329346 1.442337 -0.074278
v 0.370473 1.491729 -0.064250
v 0.332117 1.409071 0.078206
v 0.361574 1.387932 0.061517
v 0.402702 1.437324 0.071544
v 0.373244 1.458464 0.088234
v 0.404701 1.338527 -0.054838
v 0.481465 1.430717 -0.036122
v 0.342746 1.402199 -0.114358
v 0.399329 1.350301 -0.090800
v 0.248549 1.467396 0.056383
v 0.304740 1.534880 0.070084
v 0.297620 1.417253 0.102113
v 0.353811 1.484736 0.115813
v 0.573232 1.232009 0.137313
v 0.515708 1.204305 0.119917
v 0.608776 1.223536 0.033270
v 0.551253 1.195832 0.015874
v 0.393964 1.510973 -0.072552
v 0.519911 1.368184 0.114210
v 0.419509 1.494389 -0.095641
v 0.476093 1.442491 -0.072083
v 0.226557 1.396012 0.209183
v 0.203439 1.526220 0.363060
v 0.369727 1.597481 0.244909
v 0.276917 1.592166 0.344656
v 0.343423 1.500899 0.179911
v 0.195241 1.457669 0.305084
v 0.339248 1.519582 0.202961
v 0.214099 1.406819 0.198167
v 0.190981 1.537027 0.352044
v 0.357269 1.608287 0.233893
v 0.264458 1.602973 0.333640
v 0.330965 1.511706 0.168894
v 0.182782 1.468476 0.294068
v 0.188203 1.513801 0.332401
v 0.326789 1.530389 0.191945
v 0.262262 1.446595 0.254178
v 0.335656 1.512466 0.235795
v 0.350179 1.607874 0.241505
v 0.312165 1.650073 0.325893
v 0.286263 1.601815 0.307844
v 0.235437 1.458557 0.296250
v 0.240887 1.497826 0.328609
v 0.310407 1.560220 0.311196
v 0.338735 1.647935 0.293747
v 0.312834 1.599676 0.275698
v 0.121088 1.597654 0.290241
v 0.112889 1.529103 0.232266
v 0.133546 1.586848 0.301258
v 0.130769 1.563622 0.281615
v 0.281300 1.697756 0.242961
v 0.255399 1.649497 0.224912
v 0.280286 1.668501 0.179703
v 0.339896 1.615164 0.331746
v 0.375534 1.612296 0.288629
v 0.362637 1.597067 0.252521
v 0.331647 1.519530 0.211506
v 0.246412 1.443032 0.232855
v 0.210690 1.458960 0.288878
v 0.217847 1.510519 0.331364
v 0.290537 1.575759 0.313157
v 0.298722 1.591008 0.318860
v 0.377763 1.634990 0.272617
v 0.324623 1.639266 0.336909
v 0.207024 1.652793 0.282853
v 0.144206 1.467446 0.136364
v 0.287375 1.668915 0.172091
v 0.194565 1.663600 0.271837
v 0.261072 1.572333 0.107092
v 0.256896 1.591017 0.130142
v 0.156664 1.456639 0.147380
v 0.299834 1.658108 0.183107
v 0.273530 1.561526 0.118108
v 0.125348 1.518297 0.243282
v 0.269355 1.580210 0.141158
v 0.154962 1.539671 0.159299
v 0.228355 1.605542 0.140916
v 0.292744 1.657695 0.190719
v 0.254730 1.699894 0.275107
v 0.228829 1.651635 0.257058
v 0.128136 1.551633 0.201371
v 0.133587 1.590902 0.233730
v 0.203106 1.653296 0.216317
v 0.232595 1.708240 0.236867
v 0.268233 1.705372 0.193750
v 0.249295 1.590964 0.138687
v 0.164061 1.514466 0.160036
v 0.128339 1.530395 0.216060
v 0.135495 1.581953 0.258546
v 0.208186 1.647193 0.240338
v 0.216370 1.662442 0.246041
v 0.295412 1.706424 0.199799
v 0.242271 1.710701 0.264091
v -0.178039 1.352583 0.371086
v -0.234860 1.410999 0.406556
v -0.143316 1.413866 0.325784
v -0.200136 1.472282 0.361254
v -0.321999 1.322539 0.189951
v -0.378819 1.380955 0.225421
v -0.300799 1.359956 0.162293
v -0.357619 1.418371 0.197762
v -0.304763 1.338199 0.151004
v -0.382388 1.418002 0.199461
v -0.363363 1.347743 0.041412
v -0.448232 1.161414 0.212322
v -0.506832 1.170959 0.102730
v -0.584456 1.250762 0.151187
v -0.473160 1.175400 0.220211
v -0.528846 1.232649 0.254972
v -0.525004 1.183844 0.123252
v -0.580690 1.241093 0.158014
v -0.588401 1.159263 0.280426
v -0.640246 1.167708 0.183468
v -0.319056 1.315829 0.235567
v -0.360644 1.358585 0.261529
v -0.428752 1.272456 0.131271
v -0.470341 1.315211 0.157233
v -0.275601 1.392521 0.178875
v -0.317190 1.435276 0.204836
v -0.376672 1.364371 0.063325
v -0.418260 1.407127 0.089286
v -0.345215 1.308543 0.205660
v -0.375900 1.287176 0.191695
v -0.417488 1.329931 0.217656
v -0.386804 1.351299 0.231621
v -0.438932 1.254626 0.073710
v -0.516556 1.334429 0.122167
v -0.391426 1.333689 0.019603
v -0.440294 1.273474 0.040489
v -0.272454 1.377900 0.178146
v -0.329274 1.436316 0.213616
v -0.307177 1.316617 0.223448
v -0.363998 1.375033 0.258918
v -0.566859 1.098982 0.263657
v -0.511574 1.080280 0.232467
v -0.618704 1.107426 0.166699
v -0.563418 1.088724 0.135508
v -0.440987 1.427546 0.089869
v -0.525856 1.241217 0.260778
v -0.469051 1.413492 0.068060
v -0.517918 1.353277 0.088946
v -0.153137 1.318393 0.274740
v -0.167301 1.367206 0.471167
v -0.369152 1.349597 0.396098
v -0.266877 1.370827 0.483737
v -0.311514 1.324153 0.294732
v -0.137749 1.346553 0.388537
v -0.312615 1.331369 0.323792
v -0.153040 1.337642 0.269964
v -0.167204 1.386455 0.466391
v -0.369055 1.368846 0.391322
v -0.266780 1.390076 0.478960
v -0.311416 1.343402 0.289955
v -0.137652 1.365802 0.383761
v -0.157192 1.379457 0.438395
v -0.312518 1.350618 0.319016
v -0.361240 1.370465 0.398006
v -0.332722 1.393845 0.492808
v -0.290084 1.384292 0.455176
v -0.360899 1.386556 0.462860
v -0.318260 1.377003 0.425228
v -0.166659 1.494445 0.439594
v -0.137107 1.473792 0.356964
v -0.166756 1.475196 0.444371
v -0.156744 1.468199 0.416375
v -0.360695 1.478455 0.371210
v -0.388531 1.487257 0.406116
v -0.361337 1.351216 0.402783
v -0.304354 1.333235 0.331478
v -0.188845 1.329034 0.316898
v -0.154897 1.343153 0.374488
v -0.178197 1.358441 0.435626
v -0.276707 1.362024 0.448061
v -0.290181 1.365043 0.459952
v -0.389173 1.360018 0.437689
v -0.152593 1.426383 0.247944
v -0.137204 1.454543 0.361740
v -0.360451 1.475297 0.440840
v -0.317813 1.465744 0.403208
v -0.152496 1.445633 0.243167
v -0.368510 1.476836 0.364525
v -0.266235 1.498066 0.452164
v -0.310872 1.451392 0.263159
v -0.311973 1.458609 0.292219
v -0.368607 1.457587 0.369302
v -0.266332 1.478817 0.456940
v -0.310969 1.432143 0.267935
v -0.312070 1.439360 0.296996
v -0.360792 1.459206 0.375986
v -0.332274 1.482586 0.470788
v -0.289636 1.473033 0.433155
v -0.303712 1.460474 0.299905
v -0.188203 1.456274 0.285325
v -0.154255 1.470393 0.342915
v -0.177555 1.485681 0.404053
v -0.276065 1.489263 0.416488
v -0.289539 1.492282 0.428379
v -0.332177 1.501835 0.466011
v -0.196939 1.313684 0.337330
v -0.296401 1.317301 0.349885
v -0.171445 1.324286 0.380578
v -0.189191 1.335931 0.427144
v -0.283404 1.339357 0.439036
v -0.331950 1.350234 0.481882
v -0.369743 1.340457 0.441714
v -0.332819 1.374596 0.497584
v -0.196102 1.479471 0.296192
v -0.295564 1.483088 0.308747
v -0.170608 1.490074 0.339440
v -0.188355 1.501718 0.386006
v -0.282568 1.505145 0.397898
v -0.331113 1.516021 0.440743
v -0.368906 1.506245 0.400576
v 0.187229 1.067077 0.123621
v 0.140901 1.028942 0.139505
v 0.067008 1.066258 0.093238
v 0.265943 0.807626 0.067916
v 0.061286 1.025333 -0.021706
v 0.143768 1.129443 0.066921
v 0.348579 0.875647 0.039584
v 0.138046 1.088517 -0.048024
v 0.357943 0.568310 -0.258913
v 0.438665 0.725411 -0.051957
v 0.432710 0.629854 -0.284547
v 0.351896 0.832013 -0.062298
v 0.277409 0.792213 -0.303463
v 0.219544 0.744583 -0.283624
v 0.434935 0.353048 -0.552750
v 0.509098 0.414094 -0.578177
v 0.188331 0.955266 0.163376
v 0.284003 0.828550 0.170829
v 0.258502 1.013026 0.139318
v 0.366639 0.896571 0.142497
v 0.217881 0.941697 0.196815
v 0.280346 0.993115 0.175399
v 0.194294 0.882214 0.022630
v 0.203926 0.862085 0.051613
v 0.271054 0.945398 -0.003688
v 0.299485 0.940744 0.018851
v 0.475667 0.801532 0.135757
v 0.456679 0.724899 -0.000643
v 0.349706 0.855153 -0.013129
v 0.413406 0.874418 0.129150
v 0.417336 0.643872 0.041237
v 0.397838 0.688283 0.189558
v 0.489439 0.763683 0.158153
v 0.471286 0.688281 0.022740
v 0.475288 0.632503 0.182972
v 0.474462 0.706155 0.357390
v 0.528412 0.750564 0.338894
v 0.529239 0.676912 0.164476
v 0.393464 0.744372 0.212864
v 0.447401 0.788770 0.194371
v 0.233433 0.916569 0.159520
v 0.287369 0.960967 0.141027
v 0.227341 0.873000 0.037148
v 0.281278 0.917397 0.018656
v 0.351734 0.720632 0.034153
v 0.405671 0.765030 0.015661
v 0.386931 0.697641 0.081611
v 0.440868 0.742038 0.063119
v 0.454259 0.836757 0.027401
v 0.386617 0.700141 0.227442
v 0.126051 0.749445 -0.473875
v 0.210948 0.819327 -0.502982
v 0.198393 0.586442 -0.489434
v 0.346237 0.708139 -0.540122
v 0.231165 0.728111 -0.323683
v 0.275886 0.764923 -0.339015
v 0.416201 0.635845 0.009629
v 0.250249 0.822778 -0.006331
v 0.292983 0.809754 0.217505
v 0.379420 0.648533 -0.067191
v 0.494315 0.788792 0.190518
v 0.466703 0.677415 -0.007686
v 0.308113 0.870408 -0.026170
v 0.400681 0.898405 0.180580
v 0.429922 0.690103 -0.084506
v 0.362308 0.618191 -0.172308
v 0.258077 0.758347 -0.138191
v 0.419548 0.665308 -0.191933
v 0.315941 0.805977 -0.158030
v 0.238537 0.815500 -0.057966
v 0.296401 0.863130 -0.077805
v 0.234123 0.654595 -0.293703
v 0.268370 0.614213 -0.289938
v 0.354422 0.753618 -0.334948
v 0.388985 0.713497 -0.331291
v 0.402474 0.742936 -0.133336
v 0.368926 0.783877 -0.137328
v 0.426382 0.805589 -0.053408
v 0.367014 0.690029 -0.364032
v 0.279894 0.618316 -0.334162
v 0.394871 0.639733 -0.370541
v 0.320353 0.578395 -0.344992
v 0.187229 1.067077 0.123621
v 0.140901 1.028942 0.139505
v 0.067008 1.066258 0.093238
v 0.265943 0.807626 0.067916
v 0.061286 1.025333 -0.021706
v 0.143768 1.129443 0.066921
v 0.348579 0.875647 0.039584
v 0.138046 1.088517 -0.048024
v 0.188331 0.955266 0.163376
v 0.284003 0.828550 0.170829
v 0.258502 1.013026 0.139318
v 0.366639 0.896571 0.142497
v 0.217881 0.941697 0.196815
v 0.280346 0.993115 0.175399
v 0.194294 0.882214 0.022630
v 0.203926 0.862085 0.051613
v 0.271054 0.945398 -0.003688
v 0.299485 0.940744 0.018851
v 0.241042 1.048151 0.036117
v 0.118690 0.947438 0.078065
v 0.179178 0.889154 0.095806
v 0.294367 0.983971 0.056313
v 0.358474 0.659402 -0.024464
v 0.266663 0.761854 -0.033076
v 0.356144 0.703148 0.176736
v 0.376489 0.658890 0.026850
v 0.264473 0.784994 0.016094
v 0.293883 0.776034 0.170128
v 0.284893 0.697344 0.085469
v 0.315447 0.671300 -0.103499
v 0.280205 0.710847 -0.106909
v 0.285791 0.689862 -0.005206
v 0.373242 0.517072 -0.253542
v 0.480006 0.604954 -0.290146
v 0.277676 0.596117 -0.282246
v 0.407457 0.702945 -0.326742
v 0.221344 0.669351 -0.239374
v 0.363100 0.786037 -0.287975
v 0.373027 0.477064 -0.343799
v 0.482244 0.566966 -0.381245
v 0.246502 0.581784 -0.381649
v 0.386189 0.696767 -0.429540
v 0.172731 0.691239 -0.295096
v 0.327290 0.818464 -0.348087
v -0.144363 0.976670 0.156735
v -0.095253 0.949423 0.130302
v -0.047636 1.023316 0.094725
v -0.236566 0.779119 -0.013812
v -0.089796 1.054380 -0.015626
v -0.129004 1.068462 0.138521
v -0.324163 0.827720 0.033336
v -0.171165 1.099525 0.028169
v -0.517899 0.314691 -0.045382
v -0.458345 0.559973 0.056192
v -0.597154 0.358664 -0.002723
v -0.476846 0.641000 -0.053773
v -0.617997 0.479102 -0.192188
v -0.556658 0.445070 -0.225202
v -0.760585 -0.009074 -0.161577
v -0.839200 0.034544 -0.119264
v -0.127752 0.865369 0.119058
v -0.210433 0.735415 0.079794
v -0.202136 0.906639 0.159094
v -0.298030 0.784016 0.126942
v -0.140600 0.828801 0.145003
v -0.206816 0.865539 0.180643
v -0.190948 0.881726 -0.025582
v -0.187468 0.847433 -0.013340
v -0.272316 0.926871 0.018214
v -0.288764 0.903635 0.041181
v -0.359553 0.723459 0.133088
v -0.425255 0.586850 0.089965
v -0.447338 0.685875 -0.045208
v -0.370590 0.778924 0.055408
v -0.339595 0.536556 0.089937
v -0.233863 0.649411 0.110815
v -0.330962 0.703285 0.163078
v -0.396784 0.568286 0.120718
v -0.247270 0.602737 0.193247
v -0.141812 0.755100 0.232120
v -0.199001 0.786830 0.262901
v -0.304460 0.634467 0.224028
v -0.348875 0.648927 0.126582
v -0.227172 0.856659 0.138560
v -0.272057 0.889729 0.021079
v -0.384950 0.737555 -0.031804
v -0.397016 0.684397 0.000574
v -0.451610 0.696936 0.067804
v -0.204433 0.678315 0.110374
v -0.625736 0.429886 -0.380417
v -0.715730 0.479817 -0.331979
v -0.636551 0.260153 -0.324569
v -0.793271 0.347105 -0.240217
v -0.564903 0.431817 -0.206182
v -0.612309 0.458120 -0.180667
v -0.360516 0.513429 0.080330
v -0.385380 0.655823 -0.124229
v -0.221032 0.761729 -0.006450
v -0.411163 0.482840 0.017766
v -0.318597 0.741657 0.171821
v -0.414050 0.543131 0.109144
v -0.446718 0.689855 -0.091214
v -0.335196 0.825070 0.054997
v -0.464696 0.512541 0.046580
v -0.473457 0.402029 -0.025271
v -0.464292 0.533556 -0.144805
v -0.534134 0.435695 0.007388
v -0.525630 0.567588 -0.111791
v -0.417952 0.622471 -0.150365
v -0.479290 0.656503 -0.117351
v -0.530967 0.363632 -0.191739
v -0.524664 0.332942 -0.148890
v -0.658488 0.434385 -0.123103
v -0.652520 0.403880 -0.080073
v -0.514984 0.531231 -0.008656
v -0.522010 0.562325 -0.051098
v -0.489772 0.627234 0.023485
v -0.664539 0.368728 -0.118858
v -0.572187 0.317489 -0.168564
v -0.672395 0.315265 -0.098169
v -0.593403 0.271438 -0.140685
v -0.144363 0.976670 0.156735
v -0.095253 0.949423 0.130302
v -0.047636 1.023316 0.094725
v -0.236566 0.779119 -0.013812
v -0.089796 1.054380 -0.015626
v -0.129004 1.068462 0.138521
v -0.324163 0.827720 0.033336
v -0.171165 1.099525 0.028169
v -0.127752 0.865369 0.119058
v -0.210433 0.735415 0.079794
v -0.202136 0.906639 0.159094
v -0.298030 0.784016 0.126942
v -0.140600 0.828801 0.145003
v -0.206816 0.865539 0.180643
v -0.190948 0.881726 -0.025582
v -0.187468 0.847433 -0.013340
v -0.272316 0.926871 0.018214
v -0.288764 0.903635 0.041181
v -0.229484 0.995189 0.099093
v -0.099786 0.923229 0.029284
v -0.146859 0.851467 0.027068
v -0.268964 0.919214 0.092790
v -0.291700 0.617205 0.095808
v -0.169997 0.824937 0.107786
v -0.214882 0.858007 -0.009695
v -0.327775 0.705833 -0.062577
v -0.339842 0.652675 -0.030200
v -0.373340 0.512810 0.010439
v -0.386496 0.590871 -0.102403
v -0.232854 0.653163 0.064895
v -0.340250 0.539687 0.044212
v -0.356987 0.635746 -0.093838
v -0.243891 0.708628 -0.012786
v -0.272077 0.597325 -0.028828
v -0.422732 0.480047 -0.058310
v -0.427962 0.510145 -0.101718
v -0.340741 0.544548 -0.056729
v -0.537182 0.227415 -0.041579
v -0.650356 0.290207 0.019335
v -0.524962 0.308651 -0.138822
v -0.662534 0.384980 -0.064776
v -0.478622 0.396352 -0.161969
v -0.628888 0.479724 -0.081090
v -0.596189 0.167539 -0.093347
v -0.711964 0.231774 -0.031033
v -0.579909 0.275193 -0.222005
v -0.727982 0.357348 -0.142307
v -0.499320 0.410293 -0.234938
v -0.663158 0.501195 -0.146754
v 0.089937 1.155452 0.178018
v 0.101781 0.853195 0.220393
v 0.168094 0.888327 0.203972
v 0.229451 0.997965 0.177453
v 0.161807 1.153262 0.166135
v 0.126138 1.226472 0.041010
v 0.149322 1.176267 0.135837
v 0.353165 1.033404 -0.116713
v 0.376349 0.983199 -0.021887
v 0.181437 1.288953 0.060570
v 0.204621 1.238747 0.155397
v 0.222039 1.114427 0.085318
v 0.198855 1.164632 -0.009509
v 0.186688 1.089963 -0.089825
v 0.357154 1.094038 -0.085587
v 0.201009 1.238494 0.029070
v 0.380338 1.043833 0.009240
v 0.224193 1.188289 0.123897
v 0.151448 1.213861 -0.009002
v 0.100733 1.074587 0.188060
v 0.076012 1.046205 0.196426
v 0.105417 1.078637 0.215642
v 0.080696 1.050255 0.224008
v 0.096672 1.144138 0.207508
v 0.156528 1.142315 0.197611
v 0.102749 0.885076 0.244519
v 0.153659 0.912048 0.231913
v 0.211673 1.015712 0.206838
v 0.026717 1.009745 -0.093185
v 0.092678 0.962651 -0.134245
v 0.024094 1.239903 0.029312
v 0.139157 1.252662 0.007935
v 0.017084 1.255093 0.000645
v 0.156948 1.106733 -0.112098
v 0.082346 1.005703 -0.147348
v 0.019414 1.050635 -0.108173
v 0.110585 1.265439 -0.016738
v 0.188186 1.134303 0.141265
v -0.057351 1.146710 0.211186
v -0.015092 0.861322 0.110873
v -0.086362 0.880026 0.132601
v -0.166052 0.969513 0.178754
v -0.127416 1.129301 0.221137
v -0.154124 1.197016 0.093936
v -0.130940 1.146811 0.188763
v -0.364173 0.946146 0.012470
v -0.340989 0.895941 0.107296
v -0.213621 1.244316 0.133525
v -0.190437 1.194110 0.228351
v -0.198219 1.066458 0.162669
v -0.221403 1.116663 0.067843
v -0.227069 1.044281 -0.012852
v -0.372736 1.005119 0.045786
v -0.229157 1.189214 0.108150
v -0.349552 0.954914 0.140613
v -0.205973 1.139009 0.202976
v -0.190589 1.176235 0.054702
v -0.053523 1.068728 0.185483
v -0.024230 1.047451 0.172221
v -0.047692 1.060328 0.211838
v -0.018399 1.039051 0.198576
v -0.050793 1.123494 0.232657
v -0.109146 1.108994 0.240945
v -0.010579 0.879760 0.146074
v -0.065294 0.894119 0.162755
v -0.140642 0.978731 0.206393
v -0.065674 0.999544 -0.075997
v -0.130397 0.938021 -0.092746
v -0.068297 1.229702 0.046499
v -0.183361 1.217053 0.067934
v -0.075307 1.244892 0.017832
v -0.211442 1.066059 -0.043565
v -0.134728 0.981736 -0.106965
v -0.072977 1.040434 -0.090986
v -0.168808 1.234591 0.035239
v -0.153850 1.096678 0.204969
v -0.125578 1.109913 0.207884
v 0.120221 1.223007 0.000655
v -0.163697 1.222557 0.069832
v -0.015591 0.895050 0.107280
v 0.067401 0.904213 0.091841
v -0.018351 1.137230 0.236175
v 0.064641 1.146393 0.220736
v 0.016995 0.990675 0.244988
v 0.066504 0.996142 0.235778
v 0.016260 1.055137 0.279296
v 0.065769 1.060603 0.270086
v -0.069776 1.017260 -0.111456
v 0.013216 1.026423 -0.126896
v -0.072413 1.248652 0.011697
v 0.010579 1.257815 -0.003743
v -0.058187 0.992163 -0.064054
v 0.024805 1.001326 -0.079493
v -0.060824 1.223555 0.059099
v 0.022168 1.232718 0.043660
v -0.002461 1.210296 -0.102039
v -0.085453 1.201133 -0.086600
v 0.058275 0.958347 0.235543
v 0.032377 0.955488 0.240361
v 0.059177 0.865985 0.090927
v -0.000363 0.859411 0.102004
v 0.062846 1.040187 0.185696
v 0.096030 1.079615 0.181598
v 0.095383 1.136373 0.211806
v 0.061872 1.125673 0.231194
v 0.053842 1.059685 0.148867
v 0.090102 1.092452 0.157350
v 0.089455 1.149211 0.187559
v 0.052868 1.145171 0.194365
v -0.022499 0.910011 0.079023
v 0.060493 0.919174 0.063584
v -0.025259 1.152191 0.207918
v 0.057733 1.161354 0.192478
v -0.006767 1.032501 0.198646
v -0.046757 1.063850 0.208161
v -0.047404 1.120608 0.238369
v -0.007741 1.117987 0.244144
v -0.015771 1.051999 0.161817
v -0.052685 1.076688 0.183913
v -0.053332 1.133446 0.214122
v -0.016745 1.137485 0.207315
v 0.157988 1.141222 0.155131
v -0.163345 1.191699 0.053408
v -0.125930 1.140772 0.224307
v 0.157636 1.172080 0.171554
v 0.119869 1.253865 0.017079
v -0.013912 0.929335 0.094675
v -0.016178 1.128171 0.200501
v -0.052286 1.012435 -0.062284
v -0.054552 1.211272 0.043542
v 0.054160 0.936851 0.082011
v 0.051894 1.135687 0.187837
v 0.015785 1.019951 -0.074947
v 0.013519 1.218787 0.030879
v 0.085798 1.478017 0.466617
v 0.097524 1.520180 0.408300
v 0.097551 1.504907 0.399116
v 0.101652 1.483067 0.409761
v 0.099649 1.439672 0.389453
v 0.093182 1.475149 0.354694
v 0.093062 1.541481 0.394579
v 0.059662 1.578825 0.441930
v 0.053605 1.624261 0.458349
v 0.088083 1.573160 0.417303
v 0.112492 1.539044 0.378605
v 0.062920 1.576076 0.330775
v 0.052526 1.505337 0.313137
v 0.052405 1.572461 0.353498
v 0.025543 1.604100 0.394207
v 0.046438 1.594596 0.372082
v 0.013356 1.593321 0.365077
v -0.001659 1.626605 0.357805
v 0.095725 1.572883 0.504135
v 0.086186 1.545197 0.469993
v 0.101742 1.490488 0.450115
v 0.095132 1.524457 0.467262
v 0.080300 1.515508 0.479252
v 0.090637 1.517898 0.412074
v 0.090665 1.502625 0.402890
v 0.094766 1.480786 0.413536
v 0.092763 1.437390 0.393227
v 0.025728 1.531458 0.389328
v 0.086296 1.472867 0.358468
v 0.093914 1.464337 0.358423
v 0.087028 1.462054 0.362198
v 0.105214 1.488258 0.353572
v 0.060491 1.522716 0.306964
v 0.093137 1.499919 0.369588
v 0.098140 1.489259 0.393024
v 0.108541 1.511474 0.365016
v 0.093118 1.510682 0.376060
v 0.047845 1.494381 0.288235
v -0.002942 1.443297 0.407379
v 0.024108 1.614486 0.474516
v -0.022460 1.494326 0.452570
v -0.056309 1.536568 0.396122
v -0.032429 1.477186 0.359699
v -0.032550 1.544311 0.400061
v -0.017020 1.583255 0.381726
v -0.032035 1.616539 0.374454
v 0.066227 1.563108 0.520302
v 0.060441 1.476803 0.472751
v 0.022634 1.495365 0.449346
v -0.015007 1.448421 0.419464
v -0.048726 1.486525 0.366824
v -0.044679 1.463722 0.338946
v 0.071437 1.540310 0.478077
v -0.040613 1.565547 0.350821
v -0.032382 1.488476 0.302067
v -0.022024 1.501314 0.323857
v -0.034038 1.513641 0.324995
v 0.007522 1.581497 0.324438
v 0.008855 1.578313 0.346990
v 0.008975 1.511585 0.306867
v 0.009091 1.527932 0.301356
v 0.002402 1.500002 0.283002
v 0.015748 1.493083 0.453120
v 0.015775 1.477810 0.443936
v 0.032599 1.460186 0.447609
v 0.038044 1.419258 0.423218
v -0.003062 1.509629 0.447263
v 0.030164 1.569051 0.458097
v 0.001797 1.544568 0.464596
v -0.004540 1.594131 0.410695
v -0.026011 1.570589 0.411790
v 0.056689 1.535423 0.486161
v 0.060571 1.513005 0.486204
v 0.022662 1.480092 0.440162
v 0.039485 1.462468 0.443834
v 0.044930 1.421540 0.419444
v 0.003944 1.445578 0.403604
v 0.004732 1.434785 0.407303
v 0.011618 1.437067 0.403529
v -0.002987 1.468067 0.422273
v 0.018147 1.462753 0.436867
v -0.018414 1.469406 0.434598
v -0.003006 1.478830 0.428744
v -0.022144 1.568042 0.363980
v 0.107192 1.556539 0.462998
v 0.122627 1.531229 0.480675
v 0.109039 1.517949 0.456879
v 0.101109 1.653969 0.476285
v 0.094185 1.667823 0.468936
v 0.102447 1.490431 0.485932
v 0.102453 1.525477 0.493512
v 0.094509 1.475218 0.462251
v 0.090657 1.546109 0.467655
v 0.093174 1.483472 0.464422
v 0.119796 1.511574 0.427879
v 0.160302 1.708357 0.381073
v 0.112645 1.546427 0.445505
v 0.092510 1.518612 0.471406
v 0.096917 1.498600 0.476568
v 0.120185 1.530743 0.446637
v 0.116441 1.515615 0.434491
v 0.098052 1.536842 0.444500
v 0.102636 1.555847 0.465986
v 0.118071 1.530537 0.483663
v 0.104483 1.517257 0.459866
v 0.096553 1.653277 0.479273
v 0.089629 1.667131 0.471924
v 0.093496 1.536151 0.447488
v 0.080076 1.470435 0.470161
v 0.052573 1.533489 0.488528
v 0.088015 1.485649 0.493842
v 0.077434 1.517187 0.507224
v 0.037136 1.533325 0.501395
v 0.056315 1.509255 0.517020
v 0.049742 1.498300 0.489379
v 0.004221 1.621864 0.529388
v -0.005107 1.634921 0.523357
v 0.078443 1.478591 0.472495
v 0.025697 1.480393 0.479453
v -0.120106 1.615441 0.534761
v 0.026009 1.517719 0.492989
v 0.067635 1.510369 0.485039
v 0.079209 1.492732 0.486273
v 0.031106 1.501226 0.495460
v 0.030340 1.487085 0.481682
v 0.035836 1.516226 0.478600
v 0.041689 1.535651 0.499390
v 0.060868 1.511582 0.515015
v 0.054295 1.500626 0.487374
v 0.008774 1.624191 0.527383
v -0.000554 1.637248 0.521352
v 0.040389 1.518553 0.476595
v 0.089008 1.468807 0.390677
v 0.087160 1.481626 0.419369
v 0.080383 1.436793 0.409172
v 0.080007 1.478416 0.442782
v 0.080722 1.475455 0.438122
v 0.086567 1.462255 0.408190
v 0.091031 1.498530 0.399349
v 0.077080 1.474810 0.448772
v 0.079143 1.453300 0.426725
v 0.085356 1.491476 0.422031
v 0.078304 1.485797 0.439963
v 0.089486 1.508171 0.402358
v 0.085324 1.509215 0.432697
v 0.078279 1.499778 0.448370
v 0.089460 1.522341 0.410879
v 0.085342 1.437277 0.428591
v 0.080576 1.422043 0.410995
v 0.076397 1.455483 0.435842
v 0.088324 1.509188 0.411250
v 0.085350 1.494531 0.423868
v 0.085333 1.503861 0.429478
v 0.087273 1.511160 0.419921
v 0.080315 1.495551 0.439696
v 0.020110 1.499362 0.448889
v 0.075575 1.434041 0.433944
v 0.069505 1.474937 0.448538
v 0.066975 1.470900 0.445656
v 0.047467 1.449299 0.429620
v 0.021681 1.475549 0.437360
v 0.045000 1.478103 0.444149
v 0.064558 1.481242 0.447498
v 0.020135 1.485191 0.440368
v 0.044968 1.495843 0.454816
v 0.064532 1.495223 0.455905
v 0.027054 1.488885 0.444831
v 0.033307 1.493278 0.449499
v 0.058925 1.488463 0.451420
v 0.071051 1.418886 0.416216
v 0.062783 1.430961 0.418818
v 0.029754 1.449172 0.423154
v 0.046805 1.468254 0.441487
v 0.069189 1.450002 0.432181
v 0.044995 1.481159 0.445986
v 0.044978 1.490489 0.451596
v 0.061369 1.483549 0.448647
v 0.079447 1.489539 0.438739
v 0.441982 1.391165 -0.130076
v 0.505392 1.424838 -0.032030
v 0.582595 1.286282 -0.047628
v 0.883254 0.882871 -0.124943
v 0.563772 1.346814 -0.023717
v 0.902301 0.825930 -0.066692
v 0.249407 1.572952 -0.006658
v 0.282771 1.590912 0.045289
v 0.947525 0.722760 -0.072535
v 0.538127 1.262668 -0.116385
v 0.392262 1.260131 0.256956
v 0.918300 0.805267 -0.163403
v 0.498594 1.158480 0.191357
v 0.892168 0.736397 0.040017
v 0.473503 1.340796 0.216202
v 0.837604 0.805567 0.039737
v 0.859945 0.864447 -0.134176
v 0.875327 0.794854 -0.034126
v 0.880614 0.808788 -0.075281
v 0.555565 1.215047 0.162778
v 0.860912 0.823991 0.048969
v 0.538068 1.279073 0.176370
v 0.897014 0.811997 -0.025537
v 0.219360 1.493766 0.227232
v 0.262169 1.536618 0.205658
v -0.087890 1.142582 0.211382
v -0.134787 1.218502 0.122755
v -0.067051 1.227042 0.255873
v -0.176036 1.404314 0.230972
v 0.133329 1.467062 0.127544
v -0.160095 1.492159 0.331948
v -0.074258 1.202646 0.254900
v 0.018937 1.399792 0.376394
v 0.025113 1.473843 0.404138
v -0.003379 1.429170 0.327468
v 0.010883 1.492576 0.372940
v 0.076005 1.411367 0.357314
v 0.061503 1.481224 0.391972
v 0.047273 1.499957 0.360774
v -0.135210 1.291556 0.284680
v 0.174155 1.354304 0.181252
v -0.071805 1.253735 0.451387
v 0.109627 1.417895 0.389353
v 0.049502 1.546115 0.287299
v 0.125773 1.315406 0.375469
v 0.043967 1.515618 0.252242
v 0.010517 1.397793 0.422488
v -0.003087 1.395033 0.427036
v 0.123232 1.420655 0.384805
v 0.058075 1.559605 0.274210
v 0.139378 1.318166 0.370920
v 0.044289 1.548480 0.226227
v 0.090373 1.164403 0.144056
v 0.146435 1.210953 0.339983
v 0.115839 1.275553 0.287659
v 0.101559 1.272656 0.292434
v -0.028407 1.140311 0.183767
v 0.051989 1.541875 0.269462
v -0.095553 1.354522 0.441497
v -0.059092 1.406231 0.164484
v 0.139719 1.342230 0.386539
v 0.126114 1.339470 0.391087
v -0.018266 1.293474 0.218191
v 0.048997 1.307117 0.195704
v 0.008171 1.419874 0.141996
v 0.022990 1.431108 0.091310
v -0.081523 1.275670 0.120010
v 0.044797 1.301291 0.077778
v 0.062923 1.401180 0.192599
v -0.059626 1.506854 0.278845
v -0.080926 1.389482 0.143928
v 0.039484 1.526956 0.245710
v 0.018184 1.409585 0.110794
v -0.068425 1.525618 0.263910
v 0.031192 1.298531 0.082327
v 0.009385 1.428349 0.095859
v 0.030685 1.545720 0.230775
v 0.031318 1.467707 0.190708
v -0.064679 1.448236 0.222801
v -0.004876 1.415229 0.050610
v -0.063223 1.502933 0.288413
v 0.049055 1.525706 0.250876
v 0.116499 1.381880 0.365352
v 0.091565 1.172469 0.129633
v -0.021730 1.143586 0.172646
v 0.109762 1.232568 0.184077
v -0.043426 1.201497 0.235291
v -0.042568 1.150128 0.170245
v 0.089482 1.176911 0.126098
v 0.123599 1.200952 0.314856
v 0.036051 1.247421 0.392307
v 0.033379 1.182653 0.345019
v 0.085829 1.174095 0.136342
v -0.032951 1.150003 0.176053
v -0.076476 1.268614 0.352755
v -0.100872 1.395758 0.082704
v -0.015736 1.413026 0.054241
v -0.045661 1.306607 0.118386
v -0.073345 1.329610 0.049535
v 0.095925 1.347998 0.101584
v -0.129439 1.381560 0.262858
v 0.125591 1.433287 0.177595
v 0.213812 1.417270 0.338070
v 0.139801 1.266427 0.388399
v -0.002941 1.251461 0.327370
v 0.011339 1.254357 0.322596
v 0.126272 1.265720 0.362144
v 0.140552 1.268616 0.357370
v 0.132155 1.208056 0.344757
v 0.021771 1.244524 0.397081
v 0.027654 1.186861 0.379694
v 0.041934 1.189757 0.374920
v 0.053689 1.440745 0.308388
v 0.132133 1.175605 0.123244
v 0.085236 1.251524 0.034616
v 0.126441 1.256083 0.178362
v -0.105103 1.288642 0.183962
v 0.088390 1.317682 0.106452
v 0.143384 1.246790 0.182137
v -0.038981 1.192019 0.242835
v 0.013497 1.258541 0.347313
v 0.112836 1.278690 0.314102
v 0.077865 1.163786 0.139349
v -0.040485 1.145686 0.173781
v -0.054618 1.266167 0.351433
v -0.107978 1.484214 0.115114
v -0.011982 1.503685 0.083020
v 0.029738 1.386467 0.136696
v 0.006621 1.317211 0.100907
v -0.021063 1.340214 0.032057
v -0.066258 1.366997 0.168790
v 0.018878 1.384264 0.140327
v -0.055398 1.369199 0.165160
v -0.090013 1.397960 0.079073
v 0.114206 1.223089 0.191621
v 0.178555 1.320341 0.267493
v 0.162589 1.310222 0.278816
v -0.121717 1.303854 0.174346
v -0.049608 1.526013 0.320434
v 0.026663 1.295304 0.408603
v -0.055143 1.495516 0.285377
v -0.068245 1.533984 0.316441
v 0.013058 1.292545 0.413152
v -0.082030 1.522858 0.268458
v 0.013399 1.316609 0.428771
v 0.027004 1.319368 0.424222
v -0.103329 1.405487 0.133542
v -0.063396 1.375559 0.234830
v -0.067918 1.278429 0.115461
v -0.089725 1.408247 0.128994
v -0.090991 1.229367 0.379216
v 0.218375 1.292115 0.275788
v -0.094322 1.339119 0.435834
v 0.035893 1.217305 0.333978
v 0.002061 1.386139 0.412828
v 0.215042 1.401867 0.332406
v 0.237560 1.316483 0.347959
v -0.060289 1.519102 0.306999
v 0.100307 1.197733 0.324924
v 0.114339 1.408912 0.375291
v 0.130235 1.191113 0.410425
v 0.103156 1.230948 0.311491
v 0.004221 1.359107 0.402889
v 0.041089 1.246406 0.421401
v 0.057464 1.189044 0.339247
v 0.087391 1.182423 0.424749
v 0.149270 1.554906 0.228521
v 0.142715 1.701259 -0.112725
v 0.874649 2.067435 -0.172941
v 0.146693 1.690750 -0.128272
v 0.878627 2.056927 -0.188488
v 0.207912 1.714031 -0.104675
v 0.475127 1.830888 -0.115285
v 0.218020 1.785647 -0.150496
v 0.383602 1.847297 -0.149797
v 0.479105 1.820380 -0.130832
v 0.211890 1.703522 -0.120221
v 0.387580 1.836788 -0.165343
v 0.221999 1.775139 -0.166043
v 0.426443 1.803297 -0.117950
v 0.398589 1.811098 -0.066991
v 0.246303 1.744500 -0.060944
v 0.229781 1.717293 -0.110141
v 0.474379 1.701072 -0.036587
v 0.433030 1.737650 -0.008533
v 0.295099 1.640440 0.021880
v 0.296255 1.575534 0.002688
v 0.776136 1.996245 -0.173697
v 0.772158 2.006753 -0.158151
v 1.000980 2.068381 -0.141254
v 1.068484 2.063617 -0.132594
v 1.004958 2.057872 -0.156800
v 0.229159 1.514888 0.011702
v 0.243186 1.485988 0.046660
v 0.225181 1.525396 0.027248
v 0.806943 1.932574 -0.099109
v 0.824948 1.893165 -0.079698
v 0.810921 1.922065 -0.114656
v 0.137036 1.669963 -0.148698
v 0.802712 1.671025 -0.628607
v 0.145278 1.682951 -0.137237
v 0.810954 1.684012 -0.617146
v 0.197013 1.653973 -0.173710
v 0.440617 1.640722 -0.333878
v 0.203918 1.707936 -0.239824
v 0.355239 1.691002 -0.329454
v 0.448859 1.653710 -0.322416
v 0.205255 1.666960 -0.162249
v 0.363481 1.703989 -0.317993
v 0.212160 1.720923 -0.228362
v 0.398022 1.646678 -0.297980
v 0.360714 1.602384 -0.306904
v 0.221883 1.609935 -0.215624
v 0.218736 1.656430 -0.180101
v 0.445957 1.544454 -0.216617
v 0.395155 1.528937 -0.248445
v 0.270679 1.505875 -0.132799
v 0.285210 1.514672 -0.067272
v 0.718065 1.676239 -0.541538
v 0.709823 1.663252 -0.552999
v 0.919747 1.620748 -0.655799
v 0.984563 1.601168 -0.664171
v 0.927989 1.633736 -0.644338
v 0.227744 1.507088 0.002737
v 0.239639 1.466440 0.024191
v 0.219502 1.494101 -0.008725
v 0.744607 1.589072 -0.493958
v 0.764744 1.561411 -0.461043
v 0.752849 1.602059 -0.482496
v -0.478482 1.575263 0.094955
v -1.180027 1.650691 0.513983
v -0.486725 1.562276 0.083494
v -1.188269 1.637704 0.502522
v -0.526210 1.565131 0.140759
v -0.769814 1.578381 0.300927
v -0.585411 1.622690 0.118109
v -0.728355 1.621762 0.221956
v -0.778056 1.565394 0.289465
v -0.534452 1.552144 0.129298
v -0.736597 1.608775 0.210495
v -0.593653 1.609703 0.106648
v -0.725882 1.569574 0.267298
v -0.678607 1.592613 0.293139
v -0.539776 1.585062 0.201860
v -0.546596 1.559823 0.149420
v -0.677946 1.467350 0.348662
v -0.644165 1.519166 0.351598
v -0.490979 1.481002 0.284684
v -0.480122 1.418064 0.262249
v -1.083036 1.619154 0.447866
v -1.074794 1.632141 0.459327
v -1.254802 1.610847 0.612905
v -1.297702 1.583691 0.658476
v -1.263044 1.597860 0.601444
v -0.404258 1.386414 0.223468
v -0.384121 1.358753 0.256383
v -0.396016 1.399401 0.234929
v -1.040009 1.557962 0.518369
v -1.028114 1.517314 0.539822
v -1.048251 1.544975 0.506907
v -0.484162 1.543968 0.058982
v -1.251963 1.254282 0.058317
v -0.488140 1.554477 0.074529
v -1.255942 1.264791 0.073864
v -0.537109 1.505073 0.071724
v -0.804324 1.388215 0.082334
v -0.599513 1.544979 0.028781
v -0.756718 1.465468 0.042298
v -0.808302 1.398724 0.097881
v -0.541087 1.515582 0.087270
v -0.760697 1.475976 0.057845
v -0.603491 1.555488 0.044328
v -0.754304 1.412956 0.087268
v -0.716482 1.383900 0.053227
v -0.564196 1.450498 0.047180
v -0.557641 1.498960 0.079459
v -0.706368 1.310731 0.168631
v -0.682041 1.310453 0.111686
v -0.515399 1.346437 0.130005
v -0.491167 1.357202 0.192288
v -1.141107 1.299149 0.080025
v -1.137129 1.288640 0.064478
v -1.336035 1.163215 0.098359
v -1.381623 1.121242 0.126898
v -1.340013 1.173724 0.113906
v -0.405674 1.378615 0.214503
v -0.387669 1.339206 0.233914
v -0.401696 1.368106 0.198956
v -1.102345 1.214461 0.123520
v -1.088318 1.185561 0.158478
v -1.106323 1.224970 0.139066
v -0.151946 1.258396 -0.045330
v -0.067074 1.275610 -0.073704
v -0.026710 1.303619 -0.049991
v -0.177706 1.272993 0.000490
v -0.192058 1.005759 -0.393581
v -0.197030 1.077516 -0.352617
v -0.070704 1.144156 -0.017973
v -0.147637 1.194059 0.042542
v -0.038436 1.200430 -0.033653
v 0.003359 1.224685 -0.007940
v -0.123307 1.183216 -0.005278
v -0.150684 1.014150 -0.407413
v -0.148522 1.087355 -0.368834
v -0.056710 1.240378 0.082261
v -0.108739 1.083759 -0.267746
v -0.110387 1.085873 -0.172029
v -0.166367 1.072071 -0.248480
v -0.105307 1.290175 0.227469
v 0.045690 1.320801 0.176988
v -0.140315 1.382075 0.178509
v 0.010681 1.412701 0.128028
v 0.409444 1.598863 -0.389488
v 0.420009 1.615509 -0.374797
v 0.468282 1.495216 -0.252626
v 0.445226 1.487859 -0.248286
v 0.384461 1.617443 -0.351425
v 0.373897 1.600796 -0.366116
v 0.382534 1.643379 -0.317703
v 0.443299 1.513795 -0.214564
v 0.405590 1.650736 -0.322044
v 0.466355 1.521152 -0.218904
v 0.418081 1.641446 -0.341075
v 0.478847 1.511862 -0.237936
v 0.487417 1.437060 -0.179913
v 0.441137 1.648803 -0.345416
v 0.371970 1.626733 -0.332394
v 0.432735 1.497149 -0.229255
v 0.443064 1.622866 -0.379138
v 0.386389 1.591506 -0.385147
v 0.453629 1.639513 -0.364447
v 0.447154 1.461923 -0.282008
v 0.434662 1.471213 -0.262976
v 0.489345 1.411123 -0.213635
v 0.470209 1.469279 -0.286348
v 0.501902 1.519219 -0.242276
v 0.522965 1.435127 -0.203285
v 0.480773 1.485926 -0.271658
v 0.503829 1.493282 -0.275998
v 0.514393 1.509929 -0.261307
v 0.720379 1.547521 -0.452033
v 0.709815 1.530874 -0.466723
v 0.686760 1.523517 -0.462383
v 0.728951 1.472719 -0.394010
v 0.707888 1.556811 -0.433001
v 0.676196 1.506871 -0.477073
v 0.695331 1.448716 -0.404360
v 0.640648 1.508805 -0.453702
v 0.653140 1.499515 -0.472733
v 0.659615 1.677105 -0.555172
v 0.592375 1.629098 -0.575872
v 0.649050 1.660458 -0.569863
v 0.638721 1.534741 -0.419980
v 0.577956 1.664325 -0.523119
v 0.647123 1.686394 -0.536141
v 0.693404 1.474652 -0.370638
v 0.684833 1.549454 -0.428661
v 0.624067 1.679038 -0.531800
v 0.672341 1.558744 -0.409630
v 0.611576 1.688328 -0.512769
v 0.649285 1.551388 -0.405289
v 0.588520 1.680971 -0.508428
v 0.579883 1.638388 -0.556841
v 0.590447 1.655035 -0.542150
v 0.651212 1.525451 -0.439011
v 0.674268 1.532808 -0.443351
v 0.625995 1.653101 -0.565522
v 0.615430 1.636455 -0.580213
v 0.101237 1.780699 -0.305607
v 0.284177 1.390573 0.004906
v 0.164006 1.694831 -0.203036
v 0.247290 1.517225 -0.061674
v 0.179308 1.683451 -0.226349
v 0.262592 1.505845 -0.084987
v 0.166367 1.663059 -0.244344
v 0.249651 1.485453 -0.102982
v 0.138124 1.654047 -0.239027
v 0.221408 1.476441 -0.097665
v 0.122822 1.665428 -0.215714
v 0.206106 1.487821 -0.074352
v 0.135763 1.685820 -0.197718
v 0.219047 1.508213 -0.056356
v -0.798943 1.353770 0.014503
v -0.804042 1.367239 0.034431
v -0.726331 1.252916 0.146759
v -0.704285 1.254707 0.136022
v -0.765050 1.384291 0.032882
v -0.759951 1.370822 0.012955
v -0.753202 1.413022 0.061999
v -0.692437 1.283438 0.165138
v -0.775248 1.411230 0.072737
v -0.714483 1.281647 0.175876
v -0.792194 1.395970 0.063547
v -0.731430 1.266386 0.166687
v -0.677757 1.200731 0.209631
v -0.814240 1.394179 0.074285
v -0.748103 1.399552 0.042071
v -0.687338 1.269968 0.145211
v -0.826088 1.365448 0.045168
v -0.776897 1.355561 0.003765
v -0.831187 1.378918 0.065096
v -0.716132 1.225977 0.106905
v -0.699185 1.241238 0.116094
v -0.689604 1.172001 0.180514
v -0.738178 1.224186 0.117643
v -0.753475 1.264595 0.177425
v -0.716750 1.183679 0.211179
v -0.743277 1.237655 0.137570
v -0.765323 1.235864 0.148308
v -0.770422 1.249334 0.168235
v -1.045609 1.189331 0.138377
v -1.040510 1.175861 0.118450
v -1.018464 1.177652 0.107712
v -0.991936 1.123677 0.181321
v -1.028662 1.204592 0.147566
v -1.013365 1.164183 0.087785
v -0.964791 1.111998 0.150656
v -0.974372 1.181235 0.086236
v -0.991319 1.165974 0.077047
v -1.106374 1.318915 0.035237
v -1.052084 1.295558 -0.026093
v -1.101275 1.305445 0.015310
v -0.962525 1.209965 0.115353
v -1.023290 1.339549 0.012213
v -1.089427 1.334176 0.044427
v -0.952944 1.140729 0.179773
v -1.006616 1.206383 0.136829
v -1.067381 1.335967 0.033689
v -0.989670 1.221644 0.146018
v -1.050435 1.351228 0.042878
v -0.967624 1.223435 0.135280
v -1.028389 1.353019 0.032140
v -1.035137 1.310819 -0.016904
v -1.040236 1.324288 0.003024
v -0.979471 1.194705 0.106163
v -1.001517 1.192914 0.116901
v -1.079229 1.307236 0.004572
v -1.074130 1.293767 -0.015355
v -0.587823 1.640940 -0.075238
v -0.404883 1.250813 0.235274
v -0.544241 1.551180 0.033747
v -0.460957 1.373573 0.175109
v -0.565001 1.532485 0.022491
v -0.481717 1.354879 0.163853
v -0.558754 1.515985 -0.001920
v -0.475470 1.338379 0.139442
v -0.531748 1.518180 -0.015074
v -0.448464 1.340573 0.126288
v -0.510989 1.536874 -0.003817
v -0.427705 1.359267 0.137545
v -0.517235 1.553374 0.020594
v -0.433952 1.375767 0.161956
v 0.034195 1.478923 0.167582
v 0.041823 1.520955 0.215896
v -0.091565 1.747112 -0.045877
v -0.083937 1.789143 0.002437
v 0.086032 1.489437 0.150252
v 0.093659 1.531469 0.198566
v -0.039728 1.757625 -0.063207
v -0.032101 1.799657 -0.014893
v -0.089605 1.790533 0.007524
v -0.067392 1.743162 0.045228
v -0.025475 1.803541 -0.013916
v -0.003262 1.756170 0.023788
v -0.059764 1.785194 0.093543
v 0.004366 1.798201 0.072102
v -0.081978 1.832565 0.055838
v -0.017848 1.845572 0.034398
v -0.157952 1.439951 0.231821
v -0.150324 1.481982 0.280135
v -0.283712 1.708139 0.018362
v -0.276084 1.750171 0.066677
v -0.209788 1.429437 0.249151
v -0.202161 1.471468 0.297465
v -0.335548 1.697625 0.035692
v -0.327921 1.739657 0.084007
v -0.278959 1.712359 0.013942
v -0.271332 1.754390 0.062256
v -0.343089 1.699351 0.035382
v -0.335462 1.741383 0.083696
v -0.293545 1.801762 0.024551
v -0.357675 1.788754 0.045992
v -0.301173 1.759730 -0.023763
v -0.365303 1.746723 -0.002323
v 0.060736 1.776129 -0.062904
v 0.129551 1.774736 -0.105196
v -0.013863 1.745648 -0.057250
v 0.076125 1.738953 -0.053474
v 0.148398 1.584828 0.069199
v 0.121210 1.963002 -0.003006
v 0.062771 1.736245 -0.049009
v 0.135044 1.582119 0.073663
v 0.107856 1.960294 0.001459
v 0.132769 1.583068 -0.211853
v -0.026194 1.677697 -0.135358
v 0.117220 1.706785 -0.183305
v -0.010646 1.553980 -0.163907
v 0.102983 1.311662 0.028961
v 0.232191 1.371046 -0.043099
v 0.162946 2.095729 0.074384
v 0.176300 2.098437 0.069920
v 0.180340 1.521069 0.140105
v 0.248551 1.520965 0.096787
v 0.263929 1.393922 0.065711
v 0.119342 1.461581 0.168847
v 0.134721 1.334538 0.137771
v -0.415698 1.679495 0.096379
v -0.490297 1.649014 0.102033
v -0.346883 1.678102 0.054086
v -0.408456 1.640667 0.108532
v -0.336182 1.486542 0.231205
v -0.491144 1.838801 0.201718
v -0.395101 1.643376 0.104068
v -0.322828 1.489250 0.226741
v -0.477790 1.841509 0.197253
v -0.487080 1.457346 -0.004624
v -0.359214 1.610151 -0.024022
v -0.502628 1.581063 0.023924
v -0.343665 1.486434 -0.052571
v -0.230036 1.244116 0.140297
v -0.387657 1.245323 0.164131
v -0.523626 1.956473 0.303920
v -0.536980 1.953764 0.308385
v -0.296094 1.424435 0.299388
v -0.371298 1.395243 0.304016
v -0.355919 1.268200 0.272940
v -0.213677 1.394036 0.280183
v -0.198299 1.266993 0.249107
v -0.329144 1.639193 0.073242
v 0.142706 1.396728 0.209685
v -0.184340 1.330394 0.319023
v 0.120045 1.271854 0.066145
v 0.072569 1.353692 0.258197
v 0.049908 1.228818 0.114657
v 0.021349 1.482327 -0.101376
v -0.015177 1.633451 -0.118948
v -0.342223 1.567117 -0.009609
v 0.126566 1.431146 0.182290
v 0.058468 1.383764 0.234262
v 0.078283 1.534112 0.100336
v -0.004191 1.517385 0.127909
v 0.044461 1.465406 0.241896
v 0.112559 1.512789 0.189925
v 0.005816 1.547818 0.176303
v 0.088289 1.564545 0.148730
v -0.002098 1.705527 -0.036097
v -0.200480 1.364812 0.291629
v -0.103632 1.350886 0.288455
v -0.248763 1.467779 0.209675
v -0.166290 1.484506 0.182103
v -0.259750 1.583845 -0.037181
v -0.097651 1.616723 -0.091375
v 0.059489 1.281615 0.175347
v -0.061124 1.465599 -0.073804
v -0.102610 1.248737 0.229540
v -0.207001 1.205520 0.175483
v -0.089530 1.320814 0.312390
v -0.112191 1.195940 0.168850
v -0.305696 1.415993 0.007962
v -0.117638 1.432528 0.296090
v -0.214486 1.446455 0.299263
v -0.156283 1.514939 0.230496
v -0.238756 1.498212 0.258069
v -0.223223 1.432721 -0.019610
v 0.091831 1.134342 -0.085999
v 0.073725 1.382726 0.012250
v 0.125458 1.133589 -0.014826
v 0.040098 1.383479 -0.058924
v 0.133634 1.155483 -0.105526
v 0.031922 1.361585 0.031777
v 0.167261 1.154731 -0.034353
v -0.001705 1.362337 -0.039396
v -0.226124 1.069851 0.020301
v -0.243236 1.318438 0.118217
v -0.209289 1.065693 0.097088
v -0.260071 1.322596 0.041430
v -0.275603 1.072478 0.031291
v -0.193758 1.315811 0.107227
v -0.258767 1.068320 0.108078
v -0.210593 1.319969 0.030439
v -0.272153 1.240806 0.017824
v -0.124304 0.358144 0.894417
v -0.099590 0.380827 1.000256
v -0.318205 1.243251 0.028053
v -0.170356 0.360589 0.904647
v -0.145642 0.383272 1.010485
v -0.234229 0.861481 0.279226
v -0.280281 0.863926 0.289455
v -0.256797 0.881591 0.172820
v -0.290755 1.037082 -0.017225
v -0.302848 0.884036 0.183050
v -0.336807 1.039527 -0.006995
v -0.341688 1.193285 -0.065722
v -0.295636 1.190840 -0.075951
v -0.332494 1.114918 -0.005601
v -0.286442 1.112473 -0.015830
v -0.208221 0.948068 0.375615
v -0.206559 0.870627 0.401610
v -0.254273 0.950513 0.385845
v -0.252611 0.873072 0.411839
v -0.185098 0.532008 0.751144
v -0.183297 0.539981 0.757347
v -0.305050 0.649068 0.635478
v -0.303249 0.657042 0.641680
v -0.211599 0.653355 0.602831
v -0.209798 0.661329 0.609033
v -0.298013 0.688730 0.582443
v -0.296212 0.696704 0.588645
v 0.064063 1.309000 -0.094581
v 0.814088 0.502426 0.637808
v 0.809634 0.565243 0.696282
v 0.102971 1.328677 -0.112756
v 0.852996 0.522103 0.619633
v 0.848542 0.584920 0.678107
v 0.321269 0.974151 0.093511
v 0.360177 0.993828 0.075336
v 0.269063 0.988250 -0.002986
v 0.129084 1.122237 -0.157586
v 0.307971 1.007927 -0.021161
v 0.167993 1.141914 -0.175761
v 0.083419 1.279509 -0.207845
v 0.044511 1.259831 -0.189670
v 0.139106 1.210572 -0.163267
v 0.100197 1.190895 -0.145093
v 0.327596 1.056747 0.196480
v 0.368699 0.987305 0.209288
v 0.366504 1.076424 0.178305
v 0.407607 1.006982 0.191113
v 0.674791 0.706417 0.463664
v 0.674259 0.713917 0.470647
v 0.654655 0.843723 0.314627
v 0.654123 0.851224 0.321610
v 0.565550 0.810982 0.343013
v 0.565018 0.818483 0.349995
v 0.604771 0.871840 0.280622
v 0.604239 0.879341 0.287604
v 0.110802 1.573236 0.363546
v 0.138524 1.570689 0.344013
v 0.146929 1.552670 0.316423
v 0.131092 1.529735 0.296938
v 0.100292 1.515318 0.296970
v 0.072570 1.517865 0.316503
v 0.064165 1.535883 0.344093
v 0.181032 1.383301 0.458383
v 0.080001 1.558819 0.363579
v -0.053092 1.923964 0.158787
v -0.010936 1.932514 0.144693
v -0.075313 1.801513 0.018031
v -0.033158 1.810063 0.003938
v -0.001713 1.803020 0.239091
v 0.040442 1.811570 0.224998
v -0.022446 1.688771 0.107765
v 0.019710 1.697322 0.093672
v -0.088704 1.882891 0.027347
v -0.081794 1.920974 0.071122
v -0.039638 1.929524 0.057028
v -0.046549 1.891441 0.013253
v 0.004767 1.683559 0.186001
v 0.011678 1.721642 0.229776
v 0.053834 1.730192 0.215682
v 0.046923 1.692109 0.171907
v -0.078425 1.976771 0.042361
v -0.050703 1.974224 0.022828
v -0.042299 1.956205 -0.004761
v -0.058135 1.933270 -0.024247
v -0.088936 1.918853 -0.024214
v -0.116658 1.921400 -0.004682
v -0.125062 1.939418 0.022908
v -0.109226 1.962354 0.042394
v -0.120098 2.025474 -0.052740
v -0.393819 1.923487 -0.029756
v -0.309624 1.984723 0.131536
v -0.354988 1.840678 0.036154
v -0.492071 1.085273 -0.832169
v -0.279796 2.149092 0.320476
v -0.268536 1.897100 0.201277
v -0.308030 2.190037 0.388561
v -0.343489 2.200836 0.289051
v -0.243071 2.070775 0.382810
v -0.315275 1.953585 0.095744
v -0.373923 2.033128 0.096274
v -0.336893 2.040639 0.083895
v -0.352304 1.946074 0.108123
v -0.306459 2.208347 0.276672
v -0.280101 2.063265 0.395190
v -0.305566 1.889590 0.213657
v -0.271000 2.197547 0.376181
v -0.455041 1.092784 -0.844549
v -0.316826 2.141581 0.332855
v -0.346654 1.977212 0.143916
v -0.317958 1.848188 0.023774
v -0.356790 1.930997 -0.042136
v -0.234277 2.119234 0.438513
v -0.489080 0.780053 -1.072241
v -0.503883 1.035662 -0.961447
v -0.496463 0.837638 -0.995542
v -0.493550 1.092606 -0.895991
v -0.512065 1.088851 -0.889801
v -0.506954 1.117011 -0.857431
v -0.459433 0.845148 -1.007922
v -0.469243 1.014525 -0.934505
v -0.460152 1.064623 -0.876919
v -0.475035 1.096362 -0.902181
v -0.469925 1.124522 -0.869811
v -0.325755 1.778337 0.085773
v -0.288725 1.785847 0.073393
v -0.386550 1.963545 0.016289
v -0.349520 1.971055 0.003910
v -0.274186 1.865963 0.165484
v -0.311216 1.858452 0.177864
v -0.271307 2.111724 0.450893
v -0.302241 1.839312 0.193099
v -0.316779 1.759196 0.101007
v -0.265211 1.846822 0.180719
v -0.279750 1.766707 0.088628
v -0.310041 1.900739 0.185947
v -0.276896 2.083386 0.395896
v -0.324709 1.932020 0.161049
v -0.291564 2.114667 0.370998
v -0.285242 1.905769 0.177656
v -0.252097 2.088416 0.387605
v -0.299910 1.937050 0.152759
v -0.266765 2.119697 0.362708
v -0.259846 2.130521 0.432730
v -0.277806 2.138202 0.428883
v -0.269544 2.151202 0.416269
v -0.251584 2.143521 0.420116
v -0.249708 2.152134 0.476167
v -0.284268 2.166915 0.468764
v -0.268369 2.191930 0.444492
v -0.233809 2.177149 0.451895
v -0.241543 2.268443 0.571151
v -0.506273 1.007014 -0.922126
v -0.497181 1.057112 -0.864539
v -0.020275 1.443254 0.187815
v -0.101972 1.488706 0.224042
v -0.028602 1.503588 0.199513
v -0.048578 1.460514 0.240138
v -0.040251 1.400180 0.228441
v -0.073610 1.599570 0.123118
v -0.146981 1.584688 0.147647
v -0.085476 1.582298 0.077146
v -0.158847 1.567417 0.101675
v -0.193054 1.870164 -0.060134
v -0.260709 1.856442 -0.037516
v -0.205346 1.867235 -0.098678
v -0.186109 1.796831 -0.083851
v -0.273001 1.853513 -0.076060
v -0.253764 1.783109 -0.061232
v -0.077361 1.601134 0.122704
v -0.145015 1.587412 0.145322
v -0.159054 1.665170 0.150504
v -0.091400 1.678892 0.127886
v -0.308045 2.047005 -0.210154
v -0.325448 2.043476 -0.204336
v -0.327841 2.098718 -0.207984
v -0.159310 1.793564 0.110981
v -0.105966 1.652581 0.101076
v -0.154643 1.642709 0.117350
v -0.101694 1.616812 0.059431
v -0.169349 1.603090 0.082050
v -0.103668 1.509199 0.170347
v -0.097202 1.544831 0.211306
v -0.158529 1.626192 0.077229
v -0.152063 1.661824 0.118188
v -0.065707 1.516899 0.157656
v -0.059241 1.552531 0.198615
v -0.120568 1.633892 0.064538
v -0.114102 1.669524 0.105497
v -0.093645 1.428373 0.212344
vn -0.5069 0.2549 0.8235
vn -0.3035 0.4258 -0.8524
vn 0.5069 -0.2549 -0.8235
vn 0.5859 -0.5988 0.5460
vn -0.6322 -0.7593 -0.1542
vn 0.7619 -0.5732 -0.3015
vn 0.3223 -0.0768 -0.9435
vn -0.8245 -0.5125 -0.2399
vn -0.3223 0.0768 0.9435
vn -0.7045 0.6462 -0.2933
vn 0.6322 0.7593 0.1542
vn -0.5859 0.5988 -0.5460
vn 0.2358 -0.3781 0.8952
vn -0.3918 0.4850 -0.7818
vn 0.7491 -0.6499 0.1286
vn 0.9046 -0.2686 0.3309
vn 0.3748 -0.9049 0.2017
vn -0.2649 0.5215 0.8111
vn 0.7655 0.5606 -0.3158
vn 0.6282 -0.5449 0.5554
vn -0.6354 0.0529 0.7704
vn 0.3763 0.8376 0.3960
vn 0.2649 -0.5215 -0.8111
vn -0.7728 -0.3534 0.5272
vn 0.7066 0.1007 -0.7004
vn -0.7316 -0.6566 0.1833
vn 0.4349 0.8378 0.3300
vn -0.6282 0.5449 -0.5554
vn 0.7035 0.0928 -0.7046
vn -0.1296 -0.2856 0.9495
vn -0.1296 -0.2856 0.9496
vn 0.5895 -0.7444 -0.3138
vn -0.2378 -0.5978 0.7655
vn 0.1663 0.0888 0.9821
vn -0.0824 -0.9712 0.2236
vn 0.7357 0.3408 0.5854
vn 0.9396 -0.2544 -0.2289
vn 0.9396 -0.2544 -0.2291
vn 0.9397 -0.2544 -0.2284
vn 0.4479 0.8369 0.3145
vn 0.2177 -0.5623 -0.7978
vn -0.8854 0.3700 0.2813
vn -0.8854 0.3700 0.2812
vn -0.1663 -0.0888 -0.9821
vn -0.9936 0.0578 0.0972
vn -0.5895 0.7444 0.3138
vn -0.8382 -0.3156 -0.4447
vn -0.0201 0.9964 -0.0829
vn 0.1834 0.4017 -0.8972
vn 0.1838 0.4012 -0.8974
vn 0.1837 0.4013 -0.8973
vn 0.6322 0.7593 0.1541
vn 0.7045 -0.6462 0.2933
vn 0.6476 0.1804 0.7403
vn 0.0878 0.5780 -0.8113
vn -0.6476 -0.1804 -0.7403
vn -0.4146 -0.7318 0.5409
vn 0.6393 -0.6573 -0.3991
vn -0.7681 -0.5699 -0.2919
vn -0.4701 0.0766 -0.8793
vn 0.8004 -0.3827 -0.4613
vn 0.4701 -0.0766 0.8793
vn 0.6085 0.7498 -0.2601
vn -0.6393 0.6573 0.3991
vn 0.4146 0.7318 -0.5409
vn -0.0163 -0.5305 0.8475
vn 0.2283 0.6579 -0.7177
vn -0.6570 -0.7366 0.1605
vn -0.8204 -0.4054 0.4033
vn -0.2846 -0.9562 0.0689
vn 0.1301 0.2382 0.9625
vn -0.9993 -0.0041 -0.0369
vn -0.0049 -0.9706 0.2408
vn 0.6733 0.1749 0.7184
vn -0.6606 0.1839 0.7278
vn -0.1301 -0.2382 -0.9625
vn -0.1302 -0.2382 -0.9625
vn 0.9447 0.0745 0.3193
vn -0.7968 -0.1417 -0.5873
vn 0.9915 -0.0361 -0.1252
vn -0.7243 0.1695 0.6684
vn -0.7242 0.1695 0.6684
vn 0.0049 0.9706 -0.2408
vn -0.7911 -0.1436 -0.5946
vn -0.7381 0.1660 0.6540
vn -0.7380 0.1660 0.6540
vn 0.1302 0.2382 0.9625
vn -0.0667 -0.2400 -0.9685
vn -0.6085 -0.7498 0.2601
vn -0.5925 -0.4513 0.6673
vn 0.5349 -0.4442 0.7188
vn 0.7463 -0.5207 0.4146
vn 0.1010 -0.3936 0.9137
vn -0.1069 -0.7741 -0.6239
vn -0.6343 -0.6990 -0.3302
vn -0.6344 -0.6987 -0.3308
vn -0.6343 -0.6988 -0.3307
vn 0.6903 -0.6828 -0.2395
vn 0.5407 0.7236 0.4290
vn 0.5408 0.7236 0.4290
vn -0.1010 0.3936 -0.9137
vn 0.7522 0.6470 0.1249
vn 0.1069 0.7741 0.6239
vn 0.6962 0.4850 -0.5293
vn -0.5866 0.7165 0.3775
vn -0.6284 0.4692 -0.6205
vn -0.6285 0.4690 -0.6205
vn -0.6284 0.4696 -0.6202
vn -0.7727 -0.3534 0.5272
vn 0.9399 -0.2537 -0.2287
vn 0.9398 -0.2540 -0.2286
vn -0.6281 0.5449 -0.5555
vn 0.1838 0.4018 -0.8971
vn 0.1841 0.4019 -0.8970
vn -0.6346 -0.6988 -0.3301
vn -0.6349 -0.6986 -0.3301
vn -0.6290 0.4692 -0.6199
vn -0.6287 0.4694 -0.6200
vn -0.6639 0.7143 -0.2213
vn 0.7061 0.5389 -0.4593
vn 0.5531 0.6324 -0.5423
vn 0.3478 0.8409 -0.4146
vn 0.6436 -0.7642 0.0424
vn 0.3379 -0.0186 0.9410
vn -0.2038 0.5770 0.7909
vn -0.3683 0.7015 0.6101
vn 0.9119 0.2047 -0.3557
vn 0.9077 0.1810 -0.3786
vn 0.9165 0.2408 -0.3194
vn 0.5482 -0.7855 -0.2871
vn 0.6362 -0.7716 0.0031
vn -0.6655 0.6865 -0.2930
vn 0.0468 0.3351 0.9410
vn -0.2076 -0.1504 -0.9666
vn 0.3671 -0.7007 -0.6117
vn 0.7464 0.6144 -0.2559
vn 0.6639 -0.7143 0.2213
vn 0.3927 0.9016 -0.1814
vn 0.4603 0.8444 -0.2740
vn 0.4636 0.8358 -0.2943
vn 0.9508 0.1061 -0.2911
vn 0.9269 0.1357 -0.3498
vn 0.3111 0.8802 -0.3585
vn 0.5807 0.8114 -0.0672
vn 0.7497 0.6027 -0.2732
vn 0.9015 0.4310 -0.0380
vn 0.7606 0.6398 -0.1102
vn -0.4755 0.7613 0.4409
vn -0.0468 -0.3351 -0.9410
vn 0.3685 -0.7017 -0.6098
vn 0.5104 -0.7751 -0.3724
vn 0.9352 0.2368 -0.2633
vn 0.9353 0.2365 -0.2631
vn 0.9354 0.2365 -0.2631
vn 0.4101 0.8612 -0.3002
vn 0.4100 0.8613 -0.3002
vn 0.9407 0.2774 -0.1950
vn 0.9316 0.2091 -0.2974
vn 0.9360 0.3356 -0.1061
vn -0.6284 0.7772 0.0330
vn 0.7814 0.3558 -0.5126
vn 0.7583 0.6340 -0.1516
vn 0.7695 0.6217 -0.1460
vn 0.7722 0.6187 -0.1446
vn -0.6147 0.7837 0.0887
vn -0.5864 0.7889 0.1837
vn 0.6655 -0.6865 0.2930
vn 0.9211 0.3831 -0.0695
vn 0.8950 0.4440 -0.0428
vn 0.4976 0.7919 -0.3540
vn 0.5299 0.7840 -0.3232
vn 0.4791 0.8259 -0.2972
vn 0.4201 0.8282 -0.3710
vn -0.5943 0.7883 0.1593
vn -0.3580 0.0465 -0.9326
vn -0.1511 -0.2180 -0.9642
vn -0.6365 0.5465 -0.5443
vn 0.0726 -0.4574 -0.8863
vn 0.6538 -0.7486 0.1097
vn 0.6646 -0.7088 0.2365
vn 0.6641 -0.6619 0.3477
vn 0.1519 0.2171 0.9643
vn 0.5663 -0.3843 0.7291
vn 0.8707 0.4890 -0.0524
vn -0.7788 -0.3924 0.4894
vn -0.7788 -0.3924 0.4893
vn -0.2947 -0.0397 -0.9548
vn 0.8885 0.3899 -0.2422
vn 0.8876 0.3892 -0.2462
vn 0.8684 0.3746 -0.3250
vn -0.7397 -0.6641 -0.1082
vn -0.7485 -0.6630 -0.0131
vn -0.7141 -0.6474 0.2664
vn -0.7773 -0.5663 0.2741
vn -0.8051 -0.4055 0.4328
vn -0.8457 -0.5286 0.0739
vn 0.7128 0.6602 -0.2367
vn 0.6243 0.7489 0.2220
vn 0.6565 0.7500 0.0802
vn -0.6733 -0.3192 0.6669
vn 0.7769 0.5800 -0.2449
vn 0.6522 0.4816 -0.5854
vn 0.6095 0.6692 -0.4250
vn 0.6291 0.7751 -0.0589
vn 0.8380 0.4638 -0.2874
vn 0.8170 0.5658 -0.1114
vn -0.6308 -0.7452 0.2162
vn -0.6547 -0.6456 0.3932
vn -0.7464 -0.6144 0.2559
vn -0.7503 -0.6599 0.0400
vn -0.9693 -0.2432 0.0369
vn -0.8503 -0.5228 -0.0612
vn -0.4142 -0.9071 0.0746
vn -0.4276 -0.8980 0.1036
vn -0.4475 -0.8819 0.1483
vn -0.9316 -0.3013 0.2033
vn -0.9410 -0.1962 0.2758
vn -0.9318 -0.3128 0.1841
vn -0.3170 -0.9375 0.1436
vn -0.3638 -0.9268 0.0927
vn -0.9796 -0.1823 0.0840
vn -0.7427 -0.6258 0.2385
vn -0.8360 -0.3548 0.4185
vn -0.5127 -0.7331 0.4469
vn -0.7156 -0.5754 0.3960
vn -0.4242 -0.8825 0.2030
vn -0.4245 -0.8824 0.2028
vn -0.4241 -0.8826 0.2030
vn -0.9513 -0.2594 0.1665
vn -0.9513 -0.2593 0.1665
vn -0.9513 -0.2593 0.1666
vn -0.4117 -0.8966 0.1632
vn -0.4363 -0.8561 0.2771
vn -0.4552 -0.8095 0.3708
vn -0.6113 -0.7906 -0.0351
vn -0.7138 -0.5992 0.3625
vn -0.7259 -0.5878 0.3573
vn -0.7108 -0.6020 0.3638
vn -0.4831 -0.7727 0.4119
vn -0.5257 -0.7254 0.4443
vn -0.9183 -0.3735 0.1314
vn -0.9257 -0.3304 0.1845
vn -0.9492 -0.2989 0.0984
vn -0.5523 -0.7961 0.2475
vn -0.5515 -0.7954 0.2515
vn -0.5668 -0.8067 0.1670
vn 0.6357 0.7720 0.0044
vn -0.5679 -0.6951 0.4408
vn 0.0205 0.3631 0.9315
vn 0.4440 -0.1732 0.8792
vn -0.0212 -0.3624 -0.9318
vn -0.5154 0.2903 -0.8063
vn 0.6655 -0.6830 0.3012
vn -0.3736 0.7050 0.6029
vn 0.8217 0.5329 -0.2020
vn -0.6597 -0.6865 0.3059
vn 0.2947 0.0397 0.9548
vn 0.9010 0.1515 -0.4064
vn 0.3784 0.9068 -0.1861
vn 0.9352 0.2368 -0.2634
vn 0.9163 0.1241 -0.3808
vn 0.7556 0.6370 -0.1530
vn 0.9010 0.4012 -0.1652
vn 0.7139 0.6996 0.0303
vn -0.7322 -0.3930 0.5563
vn -0.7115 -0.4737 0.5190
vn 0.6885 0.5198 -0.5057
vn -0.3970 -0.9170 0.0387
vn -0.9458 -0.1832 0.2679
vn -0.3638 -0.9296 0.0581
vn -0.7288 -0.5849 0.3559
vn -0.9030 -0.3955 0.1680
vn -0.5339 -0.7799 0.3268
vn 0.5049 0.8618 0.0497
vn -0.9013 0.2678 0.3405
vn -0.8475 0.5287 -0.0476
vn -0.9432 0.2966 0.1496
vn -0.5603 -0.7994 -0.2168
vn 0.0838 -0.6119 0.7865
vn 0.5084 0.0850 0.8569
vn 0.5816 0.3248 0.7458
vn -0.7589 0.0464 0.6496
vn -0.7482 0.0962 0.6565
vn -0.7647 0.0141 0.6442
vn -0.1118 -0.7884 0.6050
vn 0.0738 -0.6227 0.7790
vn -0.2526 0.3996 -0.8812
vn 0.3452 -0.2543 0.9034
vn -0.2114 0.4571 -0.8639
vn -0.5812 -0.3230 -0.7469
vn -0.7912 0.4390 0.4258
vn -0.5049 -0.8618 -0.0497
vn -0.7093 0.7027 0.0559
vn -0.7994 0.5926 0.0991
vn -0.7858 0.6103 0.1007
vn -0.7301 -0.0089 0.6833
vn -0.6808 -0.0028 0.7325
vn -0.8050 0.5889 -0.0721
vn -0.8011 0.4203 0.4261
vn -0.6590 0.6948 0.2881
vn -0.6039 0.4024 0.6880
vn -0.6934 0.5362 0.4813
vn 0.4144 0.8969 -0.1546
vn -0.3452 0.2543 -0.9034
vn -0.5817 -0.3252 -0.7456
vn -0.1677 -0.8253 0.5392
vn -0.7101 0.1225 0.6934
vn -0.7098 0.1224 0.6937
vn -0.7099 0.1224 0.6936
vn -0.7926 0.6083 0.0420
vn -0.6765 0.1926 0.7108
vn -0.6301 0.2877 0.7213
vn -0.7232 0.0812 0.6859
vn -0.0511 0.6464 -0.7613
vn -0.8943 0.0880 0.4388
vn -0.7226 0.5098 0.4668
vn -0.7162 0.5011 0.4857
vn -0.7175 0.5029 0.4820
vn -0.0158 0.6814 -0.7318
vn 0.0449 0.7361 -0.6754
vn 0.2526 -0.3996 0.8812
vn -0.6159 0.3464 0.7076
vn -0.6106 0.4107 0.6771
vn -0.8416 0.5264 0.1211
vn -0.8275 0.5373 0.1628
vn -0.8381 0.5443 0.0358
vn -0.8039 0.5836 0.1147
vn 0.0292 0.7226 -0.6906
vn -0.6048 -0.4584 -0.6512
vn -0.6006 -0.6892 -0.4053
vn -0.4014 0.1527 -0.9031
vn -0.5282 -0.8415 -0.1139
vn 0.1403 -0.5475 0.8250
vn 0.2182 -0.4478 0.8671
vn 0.2855 -0.3507 0.8919
vn 0.6007 0.6885 0.4063
vn 0.3370 -0.2681 0.9025
vn -0.6729 0.3509 0.6512
vn 0.9316 -0.1658 -0.3234
vn -0.5564 -0.2275 -0.7992
vn -0.7413 0.2619 0.6180
vn -0.7914 0.2052 0.5758
vn -0.7438 0.2592 0.6161
vn 0.6343 -0.2830 -0.7194
vn 0.7665 -0.4793 -0.4274
vn 0.6818 -0.3315 -0.6521
vn 0.8264 -0.4025 -0.3938
vn 0.8050 -0.2462 -0.5398
vn 0.9161 -0.3527 -0.1906
vn -0.7531 0.4739 0.4564
vn -0.5711 0.3883 0.7232
vn -0.4829 0.3188 0.8156
vn 0.8926 -0.4445 0.0752
vn -0.8141 0.3977 0.4233
vn -0.8411 0.5356 0.0748
vn -0.6042 0.4908 0.6277
vn -0.7375 0.6097 0.2905
vn -0.8862 0.3121 0.3425
vn -0.7949 0.3036 0.5253
vn 0.6708 -0.5518 -0.4955
vn 0.7651 -0.5619 -0.3143
vn 0.7912 -0.4390 -0.4258
vn 0.6425 -0.5887 -0.4904
vn 0.5444 -0.5288 -0.6511
vn 0.5487 -0.2459 -0.7991
vn 0.6365 -0.7634 -0.1100
vn 0.6977 -0.7060 -0.1218
vn 0.6611 -0.7415 -0.1147
vn 0.6897 -0.2084 -0.6935
vn 0.6798 -0.2281 -0.6971
vn 0.7044 -0.0817 -0.7050
vn 0.6632 -0.7484 0.0091
vn 0.6382 -0.7681 -0.0532
vn 0.5633 -0.1702 -0.8085
vn 0.8428 -0.1384 -0.5202
vn 0.7809 -0.4574 -0.4254
vn 0.8953 -0.4294 -0.1189
vn 0.8715 -0.3321 -0.3609
vn 0.7313 -0.6771 -0.0821
vn 0.7313 -0.6771 -0.0820
vn 0.7312 -0.6771 -0.0824
vn 0.6505 -0.1924 -0.7347
vn 0.6505 -0.1923 -0.7348
vn 0.7007 -0.7089 -0.0805
vn 0.8446 -0.5305 -0.0725
vn 0.7832 -0.6173 -0.0749
vn 0.5821 -0.7312 -0.3558
vn 0.8548 -0.3695 -0.3643
vn 0.8558 -0.3711 -0.3604
vn 0.8507 -0.3631 -0.3800
vn 0.8954 -0.4249 -0.1334
vn 0.8726 -0.4795 -0.0935
vn 0.6593 -0.3063 -0.6867
vn 0.6852 -0.2425 -0.6868
vn 0.6133 -0.2610 -0.7454
vn 0.7825 -0.5877 -0.2055
vn 0.7299 -0.6389 -0.2430
vn 0.7851 -0.5850 -0.2036
vn -0.5678 0.6661 0.4836
vn 0.8521 -0.4952 -0.1695
vn 0.6116 0.5677 0.5511
vn 0.4679 -0.0140 0.8837
vn -0.6116 -0.5670 -0.5518
vn -0.4013 0.1529 -0.9031
vn 0.0281 -0.6695 0.7423
vn 0.4954 0.8683 0.0254
vn -0.7716 0.3639 0.5217
vn 0.7987 -0.5074 -0.3235
vn 0.5564 0.2275 0.7992
vn -0.7708 -0.0258 0.6366
vn -0.7092 0.7039 0.0400
vn -0.7101 0.1225 0.6933
vn -0.7926 0.6084 0.0419
vn -0.7449 -0.0353 0.6662
vn -0.7238 0.5115 0.4630
vn -0.6908 0.3117 0.6524
vn -0.6435 0.3602 0.6753
vn 0.9009 -0.4285 -0.0691
vn 0.8674 -0.4781 -0.1379
vn -0.8414 0.5137 0.1678
vn 0.6052 -0.7892 -0.1041
vn 0.6946 -0.0749 -0.7155
vn 0.7312 -0.6771 -0.0825
vn 0.6121 -0.7882 -0.0642
vn 0.8497 -0.3615 -0.3839
vn 0.6914 -0.3054 -0.6547
vn 0.8302 -0.5322 -0.1663
vn -0.1657 -0.1433 -0.9757
vn 0.7439 -0.2683 0.6121
vn -0.9774 -0.1079 0.1818
vn -0.2112 0.4574 -0.8638
vn -0.6644 -0.3590 -0.6556
vn 0.2112 -0.4574 0.8638
vn -0.7342 0.5092 0.4491
vn -0.7493 0.6615 0.0301
vn 0.1657 0.1433 0.9757
vn 0.8709 0.4001 0.2852
vn 0.0847 0.9366 0.3400
vn 0.4617 -0.5441 0.7005
vn 0.5513 -0.1190 -0.8257
vn 0.6808 0.5130 -0.5228
vn -0.0103 0.8826 0.4700
vn -0.0106 0.8828 0.4696
vn -0.0103 0.8825 0.4701
vn -0.7086 -0.6804 -0.1870
vn 0.9757 0.0458 -0.2143
vn 0.9261 0.3762 -0.0272
vn 0.7334 0.6584 0.1693
vn 0.1166 0.2329 0.9655
vn 0.7558 -0.3203 0.5711
vn -0.2011 0.9209 -0.3340
vn 0.4181 0.4110 -0.8101
vn -0.2062 0.2972 -0.9323
vn -0.4126 -0.6800 0.6061
vn 0.9774 0.1079 -0.1818
vn 0.4477 -0.2362 -0.8624
vn 0.6880 0.6973 0.2010
vn 0.6167 0.7792 0.1119
vn 0.2062 -0.2972 0.9323
vn -0.7359 -0.0017 0.6771
vn -0.0608 0.6684 0.7413
vn -0.0868 -0.8779 0.4710
vn -0.7704 -0.2649 -0.5799
vn -0.9140 0.3369 -0.2261
vn -0.0097 0.8829 0.4694
vn -0.0097 0.8827 0.4699
vn -0.0097 0.8826 0.4700
vn 0.7532 -0.4871 -0.4420
vn -0.9694 -0.2114 0.1251
vn -0.9454 0.1287 0.2993
vn -0.7761 0.4588 0.4326
vn 0.1568 0.2382 0.9585
vn -0.4156 -0.4753 0.7755
vn -0.1609 0.9262 -0.3410
vn -0.7533 0.2560 -0.6058
vn 0.1877 -0.0470 0.9811
vn 0.9999 0.0122 -0.0016
vn -0.7859 -0.4050 0.4672
vn -0.1750 0.8953 -0.4096
vn -0.1751 0.8953 -0.4096
vn 0.0101 -0.8827 -0.4698
vn -0.0101 0.8827 0.4698
vn -0.1940 0.1152 -0.9742
vn 0.9672 -0.2114 0.1411
vn 0.5512 -0.3871 0.7391
vn 0.6489 -0.5953 -0.4738
vn 0.1898 -0.8269 0.5293
vn -0.1576 -0.4654 0.8710
vn -0.6337 -0.7370 -0.2352
vn -0.9137 -0.1990 0.3544
vn 0.1054 0.4969 0.8614
vn -0.1894 0.0642 -0.9798
vn 0.5513 -0.1190 -0.8258
vn -0.0107 0.8829 0.4695
vn -0.0096 0.8830 0.4693
vn 0.4684 0.3364 -0.8170
vn 0.7537 0.2005 -0.6259
vn 0.7663 0.2019 -0.6099
vn 0.3618 0.8805 0.3062
vn 0.2297 0.9413 0.2472
vn 0.3619 0.8806 0.3059
vn 0.7643 0.6448 0.0141
vn 0.5116 0.6270 -0.5874
vn 0.4067 0.8261 -0.3901
vn 0.4461 0.8512 0.2765
vn 0.3316 0.9391 -0.0902
vn -0.2351 0.9601 0.1516
vn 0.1311 0.7974 -0.5891
vn 0.1355 0.7188 0.6819
vn 0.1356 0.7188 0.6819
vn 0.4408 -0.8492 0.2908
vn 0.4959 -0.7371 0.4592
vn 0.7391 0.3472 0.5773
vn 0.8557 0.1136 0.5049
vn 0.9875 0.1442 -0.0637
vn 0.9189 0.0085 0.3945
vn 0.6476 0.0051 0.7620
vn 0.7544 -0.1076 0.6475
vn 0.9455 0.2526 -0.2056
vn -0.8895 -0.3468 0.2976
vn -0.9890 -0.1465 -0.0182
vn -0.9860 -0.1660 0.0184
vn -0.5004 0.7234 -0.4757
vn 0.3031 0.4629 0.8330
vn 0.5393 -0.4332 0.7221
vn -0.3581 -0.3506 -0.8653
vn 0.5381 -0.3775 0.7536
vn -0.3693 -0.3253 -0.8705
vn -0.6851 0.7230 -0.0889
vn -0.1707 0.9041 -0.3918
vn -0.6580 0.7426 -0.1247
vn 0.2650 -0.4233 -0.8664
vn 0.4374 -0.4683 -0.7677
vn 0.4378 -0.4675 -0.7679
vn -0.7903 0.1898 -0.5826
vn -0.2071 0.3828 -0.9003
vn -0.7931 0.1887 -0.5791
vn 0.4358 0.6193 0.6531
vn 0.9812 0.1007 -0.1644
vn 0.9830 0.0756 -0.1673
vn 0.9814 0.1003 -0.1636
vn 0.4477 -0.7740 -0.4477
vn -0.1223 0.9095 -0.3973
vn 0.1793 0.8804 -0.4390
vn 0.8319 -0.5440 -0.1095
vn -0.1774 -0.8785 0.4437
vn 0.3671 -0.9235 0.1115
vn -0.0745 -0.7873 -0.6120
vn -0.0746 -0.7873 -0.6120
vn -0.9843 -0.0690 0.1625
vn -0.9812 -0.1013 0.1644
vn -0.9867 -0.0396 0.1574
vn -0.0358 -0.8249 -0.5642
vn -0.8528 -0.3638 0.3747
vn -0.5589 -0.7680 0.3128
vn 0.8378 -0.3052 -0.4527
vn -0.3271 0.6523 0.6838
vn -0.3463 0.7505 0.5629
vn -0.3394 0.7591 0.5555
vn -0.8300 0.5460 0.1142
vn 0.8189 0.1901 -0.5415
vn -0.5596 -0.7987 -0.2213
vn -0.5853 -0.7051 -0.4003
vn -0.5603 -0.7983 -0.2209
vn -0.0340 -0.8266 -0.5617
vn -0.0570 -0.8049 -0.5906
vn 0.4921 0.1505 0.8575
vn -0.5250 -0.4549 -0.7193
vn -0.5088 -0.4269 -0.7476
vn -0.3240 0.8962 0.3030
vn -0.0368 -0.8240 -0.5654
vn -0.3212 0.9049 0.2792
vn -0.0502 0.9870 0.1529
vn -0.1677 -0.3139 -0.9345
vn 0.2170 0.9435 0.2505
vn 0.5047 0.3280 -0.7986
vn 0.1959 0.7302 -0.6546
vn -0.1257 -0.3226 -0.9381
vn 0.2488 -0.4234 -0.8711
vn 0.8441 0.2800 -0.4572
vn 0.8439 0.2807 -0.4571
vn 0.8436 0.2787 -0.4591
vn -0.6117 0.1888 0.7682
vn -0.9653 0.1376 0.2220
vn -0.6739 -0.2840 0.6820
vn -0.3717 0.5803 0.7247
vn -0.8616 0.4058 0.3050
vn -0.6501 0.6138 0.4479
vn -0.8874 0.4599 -0.0308
vn -0.0235 0.0945 0.9953
vn -0.0188 -0.1762 0.9842
vn -0.5303 -0.3587 0.7682
vn -0.0816 -0.3231 0.9428
vn 0.3190 -0.1038 0.9420
vn -0.3694 -0.3253 -0.8705
vn 0.0343 0.4863 0.8731
vn -0.5848 -0.4187 0.6948
vn -0.5767 -0.4412 0.6876
vn -0.5856 -0.4184 0.6943
vn -0.1715 -0.9792 -0.1083
vn 0.5536 0.4709 -0.6869
vn 0.5704 0.4461 -0.6896
vn 0.5436 0.4876 -0.6832
vn -0.0359 -0.8249 -0.5641
vn 0.3900 0.1167 0.9134
vn -0.9339 0.3558 -0.0353
vn -0.8400 -0.2781 0.4659
vn -0.8402 -0.2774 0.4659
vn -0.8402 -0.2772 0.4660
vn 0.8296 0.1260 -0.5440
vn -0.4903 0.0397 -0.8706
vn 0.4660 -0.8072 0.3623
vn 0.4661 -0.8072 0.3623
vn -0.7063 -0.4639 0.5348
vn -0.8320 0.0930 -0.5469
vn 0.8789 -0.4114 0.2415
vn 0.3756 0.2451 0.8938
vn 0.5500 0.3201 0.7714
vn 0.4809 -0.6182 0.6218
vn 0.9750 -0.1653 0.1487
vn -0.8734 0.0650 -0.4827
vn -0.8296 -0.1260 0.5440
vn -0.3471 -0.6468 -0.6791
vn 0.5311 0.1231 0.8383
vn 0.3357 -0.8910 0.3056
vn 0.3856 0.5754 0.7213
vn -0.5462 -0.0192 -0.8374
vn -0.4573 0.7123 -0.5325
vn 0.5181 -0.1809 0.8360
vn 0.0674 0.7946 0.6033
vn -0.8290 -0.4236 0.3650
vn -0.1209 0.3286 -0.9367
vn 0.0134 -0.6981 0.7158
vn 0.4225 0.2606 0.8681
vn 0.2191 0.2104 0.9527
vn 0.5727 -0.5878 0.5714
vn -0.2145 -0.5595 0.8006
vn -0.0405 0.3409 -0.9392
vn -0.4135 0.0248 -0.9102
vn 0.1290 0.4903 0.8619
vn -0.0787 -0.5579 -0.8262
vn -0.0787 -0.5578 -0.8262
vn 0.8290 0.4236 -0.3650
vn 0.3717 0.0703 0.9257
vn 0.5159 -0.8313 0.2068
vn -0.5573 0.6791 -0.4776
vn 0.9830 -0.1676 0.0743
vn 0.9711 -0.2340 0.0478
vn 0.9867 -0.1359 0.0893
vn 0.5026 -0.7163 0.4840
vn 0.5027 -0.7163 0.4840
vn 0.3978 0.2565 0.8809
vn 0.9611 0.0783 0.2649
vn 0.9582 0.0959 0.2696
vn 0.9571 0.1020 0.2712
vn 0.9214 0.0919 0.3776
vn 0.9204 0.1252 0.3704
vn 0.9189 0.1499 0.3648
vn 0.9739 0.2267 0.0054
vn 0.9871 -0.0813 0.1382
vn 0.9332 -0.1839 0.3087
vn 0.9659 -0.1322 0.2228
vn 0.9653 -0.1333 0.2247
vn -0.0016 0.8570 0.5153
vn 0.9445 0.2170 -0.2466
vn 0.9631 0.1028 -0.2486
vn 0.9141 0.3256 -0.2416
vn -0.4477 -0.1155 -0.8867
vn 0.9342 -0.2130 0.2863
vn 0.9378 -0.2174 0.2707
vn 0.9389 -0.2025 0.2783
vn -0.3338 -0.4025 -0.8524
vn -0.5241 0.2216 -0.8223
vn -0.5338 0.3087 -0.7872
vn -0.5301 0.2706 -0.8036
vn 0.9897 -0.0958 0.1065
vn 0.9892 -0.0988 0.1079
vn 0.9426 -0.1967 0.2699
vn 0.9305 -0.2249 0.2890
vn -0.5338 0.3087 -0.7873
vn -0.5393 0.4332 -0.7221
vn 0.4566 -0.8242 0.3349
vn 0.3338 0.4025 0.8524
vn -0.2746 -0.5844 0.7636
vn -0.2794 -0.5555 0.7832
vn -0.2590 -0.6416 0.7220
vn -0.2363 -0.2998 0.9243
vn -0.2329 -0.3173 0.9193
vn -0.2374 -0.2938 0.9259
vn -0.1559 -0.2314 0.9603
vn -0.1350 -0.2582 0.9566
vn -0.1712 -0.2114 0.9623
vn -0.5097 -0.2649 0.8185
vn -0.2672 -0.4969 0.8256
vn -0.0639 -0.5143 0.8552
vn -0.1686 -0.5082 0.8446
vn -0.0680 -0.5451 0.8356
vn -0.0812 -0.5406 0.8374
vn -0.0797 -0.5545 0.8283
vn -0.1664 -0.5084 0.8449
vn -0.1664 -0.5083 0.8449
vn -0.2861 -0.5185 0.8058
vn -0.0397 -0.5580 0.8289
vn -0.0589 -0.5527 0.8313
vn -0.0197 -0.5454 0.8379
vn -0.6887 -0.3241 0.6485
vn -0.6444 -0.4298 0.6325
vn -0.5888 -0.5340 0.6067
vn -0.0920 -0.5395 0.8370
vn 0.9231 -0.2389 0.3012
vn 0.9208 -0.2494 0.2998
vn -0.5819 -0.4547 0.6743
vn -0.5572 -0.4698 0.6847
vn -0.5392 -0.4759 0.6949
vn 0.9812 0.0633 -0.1824
vn 0.9861 0.0416 -0.1611
vn 0.9893 0.0306 -0.1429
vn 0.9885 0.0445 -0.1443
vn 0.8433 0.2785 -0.4597
vn 0.8421 0.2790 -0.4615
vn -0.8409 -0.2795 0.4634
vn -0.8421 -0.2790 0.4615
vn -0.8406 -0.2794 0.4640
vn 0.9291 0.0780 -0.3616
vn 0.7742 0.1871 -0.6046
vn -0.8817 -0.3617 0.3030
vn -0.8960 -0.3461 0.2782
vn 0.5394 -0.4332 0.7221
vn -0.2115 0.3816 -0.8998
vn 0.1882 0.8854 -0.4250
vn -0.9814 -0.1002 0.1636
vn -0.9875 -0.0198 0.1561
vn -0.9868 -0.0290 0.1593
vn -0.3274 0.6522 0.6837
vn -0.8251 0.5496 0.1304
vn -0.5822 -0.6988 -0.4156
vn -0.1282 -0.7277 -0.6738
vn -0.0448 -0.8167 -0.5754
vn 0.0015 -0.8570 -0.5153
vn -0.0447 -0.8167 -0.5754
vn -0.0739 0.9869 0.1437
vn 0.8439 0.2809 -0.4570
vn 0.2384 -0.2786 0.9304
vn 0.5847 0.4188 -0.6948
vn 0.5857 0.4179 -0.6944
vn 0.5502 0.4803 -0.6831
vn 0.3856 0.5753 0.7213
vn 0.0134 -0.6982 0.7158
vn 0.9621 0.0721 0.2632
vn 0.9214 0.0653 0.3830
vn 0.9689 -0.0178 -0.2470
vn 0.9159 -0.2354 0.3251
vn -0.5338 0.3088 -0.7872
vn -0.2317 -0.3235 0.9174
vn -0.1184 -0.2792 0.9529
vn -0.2835 -0.5205 0.8054
vn -0.0349 -0.5661 0.8236
vn -0.7231 -0.2169 0.6558
vn -0.5850 -0.4187 0.6946
vn -0.5465 -0.4641 0.6971
vn 0.9814 0.1003 -0.1639
vn -0.6548 0.7375 0.1656
vn 0.2036 0.2704 0.9410
vn -0.7492 -0.5922 -0.2967
vn 0.7492 0.5922 0.2967
vn 0.6924 0.6517 0.3096
vn 0.9556 0.2193 0.1970
vn 0.7797 0.5558 0.2883
vn 0.7904 0.5422 0.2851
vn 0.8935 0.3779 0.2427
vn 0.2348 0.1814 -0.9550
vn 0.4850 -0.7956 0.3631
vn 0.4063 0.0517 0.9123
vn 0.6145 -0.4543 -0.6450
vn 0.4882 -0.0515 0.8712
vn 0.6758 0.4429 -0.5892
vn -0.0029 -0.4451 0.8955
vn 0.0124 -0.4605 0.8876
vn 0.2491 0.1633 -0.9546
vn 0.5977 0.5561 -0.5775
vn 0.3906 0.7632 -0.5147
vn 0.6354 0.7029 0.3196
vn 0.7941 0.5374 0.2840
vn 0.3854 -0.5027 0.7738
vn 0.1251 0.7852 0.6064
vn -0.3547 0.6955 -0.6249
vn -0.3607 0.5958 -0.7176
vn 0.3603 -0.3535 0.8633
vn -0.0015 0.8570 0.5153
vn -0.1183 -0.6517 -0.7492
vn 0.9313 0.1889 -0.3114
vn -0.9313 -0.1889 0.3114
vn 0.3640 -0.5107 0.7789
vn 0.1183 0.6517 0.7492
vn -0.3248 0.0439 -0.9448
vn -0.4189 -0.5096 -0.7515
vn 0.2637 0.2397 0.9343
vn -0.3444 0.7345 -0.5846
vn -0.2332 -0.3473 -0.9083
vn -0.2426 -0.8587 -0.4514
vn 0.2186 -0.7652 -0.6056
vn 0.0513 -0.4143 -0.9087
vn 0.1551 -0.9793 -0.1301
vn 0.3005 0.0842 0.9500
vn -0.3463 0.1947 -0.9177
vn 0.3444 -0.7345 0.5846
vn -0.7934 -0.5619 0.2342
vn -0.1251 -0.7852 -0.6064
vn 0.3244 -0.8189 0.4735
vn -0.9379 -0.2972 0.1791
vn -0.1482 0.9775 0.1498
vn 0.2464 -0.9564 0.1567
vn -0.3563 0.2961 -0.8862
vn 0.0752 -0.9363 -0.3431
vn -0.0752 0.9363 0.3431
vn -0.2449 0.9576 -0.1517
vn -0.3445 0.7345 -0.5846
vn -0.4124 -0.6778 -0.6087
vn -0.3518 0.6880 -0.6347
vn 0.9164 -0.2151 -0.3374
vn 0.2311 0.3544 0.9061
vn 0.3510 -0.2373 0.9058
vn -0.9222 -0.0659 0.3811
vn 0.9218 0.3081 -0.2354
vn 0.9278 0.2533 -0.2740
vn -0.8906 -0.0196 0.4544
vn -0.0590 -0.8284 0.5571
vn -0.9387 -0.2763 0.2059
vn -0.9387 -0.2764 0.2059
vn -0.9085 -0.3315 0.2545
vn 0.9317 0.0417 -0.3607
vn 0.9064 0.0979 -0.4110
vn 0.1885 -0.5560 -0.8096
vn 0.8975 0.0750 -0.4345
vn 0.6579 -0.6829 0.3174
vn 0.2111 0.6674 0.7141
vn 0.0242 0.6295 0.7766
vn 0.5002 -0.8520 0.1547
vn 0.0219 -0.9490 0.3146
vn 0.3564 -0.2972 0.8858
vn -0.0591 -0.8284 0.5571
vn 0.2074 -0.5478 -0.8105
vn -0.0888 0.8145 -0.5733
vn 0.3247 0.8201 -0.4712
vn -0.2806 0.7604 -0.5858
vn -0.9711 -0.0153 -0.2381
vn -0.9711 -0.0153 -0.2382
vn -0.2074 0.5478 0.8105
vn -0.9382 -0.2479 0.2413
vn 0.3770 -0.2565 0.8900
vn 0.7395 0.5959 0.3130
vn -0.3878 0.8556 -0.3429
vn -0.4773 0.6665 -0.5727
vn 0.1274 0.8366 -0.5329
vn -0.9156 -0.4004 0.0364
vn 0.3179 -0.6642 -0.6766
vn -0.0878 0.4076 0.9089
vn 0.4297 0.6770 0.5975
vn -0.1103 0.6961 -0.7095
vn 0.2727 0.5335 -0.8006
vn -0.2862 0.7297 -0.6210
vn -0.8994 0.3800 0.2162
vn -0.4297 -0.6770 -0.5975
vn 0.2483 -0.9658 0.0746
vn 0.5715 -0.3300 -0.7513
vn -0.4481 0.5234 -0.7248
vn -0.4652 0.7331 -0.4962
vn 0.0893 0.6266 -0.7742
vn -0.8347 0.0454 0.5488
vn 0.5313 0.5118 0.6751
vn -0.3093 -0.8127 -0.4938
vn -0.9166 -0.1283 0.3788
vn -0.5538 0.7202 -0.4178
vn -0.5539 0.7202 -0.4178
vn -0.8004 0.5919 -0.0951
vn -0.4011 0.7359 -0.5455
vn 0.5808 0.2995 -0.7570
vn 0.9166 0.1283 -0.3788
vn 0.3294 -0.2661 0.9059
vn -0.5715 0.3300 0.7513
vn -0.2150 0.8906 -0.4007
vn -0.2160 0.7195 -0.6600
vn -0.6970 0.6693 -0.2573
vn -0.6970 0.6694 -0.2573
vn 0.8347 -0.0454 -0.5488
vn -0.3923 -0.8082 -0.4392
vn 0.4483 0.5163 0.7297
vn -0.5754 0.6017 -0.5540
vn -0.8524 0.3053 -0.4245
vn -0.4066 0.7052 -0.5808
vn 0.6525 0.6947 -0.3026
vn 0.2007 -0.9755 0.0905
vn -0.7395 -0.5959 -0.3130
vn -0.2753 0.5584 -0.7825
vn -0.2039 0.7861 -0.5835
vn -0.7351 0.4594 -0.4986
vn 0.9156 0.4004 -0.0364
vn -0.1789 0.3678 0.9126
vn 0.2268 -0.7040 -0.6730
vn 0.9382 0.2479 -0.2413
vn -0.3187 0.8366 -0.4457
vn -0.3638 0.4427 -0.8196
vn 0.2978 -0.8871 0.3527
vn -0.3918 -0.7233 0.5686
vn 0.2768 -0.9227 0.2683
vn 0.3145 -0.8482 0.4262
vn 0.8722 -0.4669 0.1460
vn 0.3501 -0.6997 0.6228
vn 0.4160 -0.9089 0.0272
vn 0.0299 -0.9873 0.1563
vn 0.1763 0.5143 0.8393
vn 0.2902 -0.8840 0.3666
vn 0.3045 -0.8728 0.3814
vn 0.5924 -0.1912 -0.7826
vn 0.9204 0.1607 -0.3565
vn -0.8219 -0.4781 -0.3098
vn -0.9395 -0.2166 0.2653
vn -0.8167 -0.4790 0.3218
vn -0.4017 0.1750 0.8989
vn -0.9377 -0.2992 0.1765
vn -0.5081 0.3778 0.7740
vn -0.5080 0.3778 0.7740
vn 0.5041 0.4640 0.7284
vn 0.9949 0.0990 -0.0193
vn -0.3259 -0.8440 -0.4259
vn 0.5799 -0.5550 -0.5965
vn -0.7895 -0.5636 -0.2430
vn 0.7895 0.5636 0.2430
vn 0.5080 -0.3778 -0.7740
vn 0.5081 -0.3778 -0.7740
vn 0.0452 -0.6090 -0.7918
vn -0.0453 0.6090 0.7919
vn 0.9377 0.2992 -0.1765
vn -0.8167 -0.4790 0.3217
vn 0.3445 -0.7345 0.5846
vn 0.0453 -0.6090 -0.7919
vn -0.3260 -0.8440 -0.4259
vn -0.9882 -0.1432 0.0537
vn -0.5676 0.5196 0.6386
vn -0.3504 -0.8126 -0.4658
vn 0.5676 -0.5196 -0.6386
vn 0.3504 0.8126 0.4658
vn -0.8478 -0.4426 0.2920
vn 0.4272 -0.2202 -0.8770
vn -0.4909 -0.5131 -0.7041
vn -0.4272 0.2202 0.8770
vn 0.8478 0.4426 -0.2920
vn 0.4909 0.5131 0.7041
vn 0.9882 0.1432 -0.0537
vn 0.9552 -0.1196 -0.2706
vn 0.7549 0.4096 0.5123
vn 0.8966 0.0728 -0.4367
vn 0.6893 0.6207 0.3737
vn 0.8966 0.0729 -0.4367
vn -0.1112 0.3392 0.9341
vn -0.7770 -0.2604 0.5731
vn 0.2894 -0.7192 -0.6317
vn 0.6892 0.6207 0.3737
vn -0.5767 -0.7896 -0.2098
vn 0.6374 -0.2742 -0.7201
vn -0.6374 0.2742 0.7201
vn -0.6893 -0.6207 -0.3737
vn -0.2782 -0.6746 -0.6837
vn 0.2782 0.6746 0.6837
vn -0.8966 -0.0729 0.4367
vn -0.8966 -0.0728 0.4367
vn -0.6892 -0.6207 -0.3738
vn 0.7549 0.4096 0.5122
vn 0.6892 0.6207 0.3738
vn -0.6892 -0.6207 -0.3737
vn 0.8076 0.2210 -0.5467
vn 0.6046 0.7574 0.2467
vn 0.2732 -0.6861 -0.6743
vn -0.6046 -0.7574 -0.2467
vn -0.2732 0.6861 0.6743
vn 0.9480 -0.0784 -0.3084
vn -0.7450 -0.4579 -0.4851
vn 0.1328 -0.3866 -0.9126
vn 0.7450 0.4579 0.4851
vn -0.9480 0.0784 0.3084
vn -0.1328 0.3866 0.9126
vn -0.8076 -0.2210 0.5467
vn 0.3104 -0.8799 0.3598
vn 0.3173 -0.8641 0.3906
vn 0.2974 -0.8682 0.3973
vn -0.3444 0.7346 -0.5846
vn -0.3444 0.7345 -0.5847
vn 0.7894 0.5636 0.2431
vn 0.3946 0.6783 0.6198
vn -0.3433 0.1700 -0.9237
vn 0.8352 -0.0446 -0.5481
vn -0.8352 0.0446 0.5481
vn -0.3629 0.5519 -0.7508
vn -0.3544 0.2728 -0.8944
vn 0.4437 -0.8943 0.0586
vn 0.3204 -0.0187 0.9471
vn 0.5306 -0.1402 0.8359
vn -0.1692 0.5640 0.8083
vn -0.9159 -0.3998 0.0373
vn 0.9159 0.3998 -0.0373
vn -0.3630 0.5519 -0.7508
vn 0.0226 -0.9797 0.1994
vn 0.1443 -0.2186 0.9651
vn 0.5946 0.0269 0.8036
vn -0.3208 0.8303 -0.4558
vn 0.6685 -0.6101 0.4252
vn -0.2795 -0.1773 -0.9436
vn 0.0197 -0.0897 0.9958
vn -0.0299 -0.7518 0.6587
vn -0.3543 0.2728 -0.8944
vn 0.4272 -0.0096 0.9041
vn 0.8237 0.4166 -0.3848
vn -0.8237 -0.4166 0.3848
vn 0.3729 -0.9091 -0.1858
vn -0.3729 0.9091 0.1858
vn -0.4272 0.0096 -0.9041
vn 0.2139 -0.0528 0.9754
vn -0.9749 0.0518 0.2165
vn 0.9749 -0.0518 -0.2165
vn -0.0619 -0.9973 -0.0404
vn 0.0619 0.9973 0.0404
vn -0.2139 0.0528 -0.9754
vn -0.1755 -0.7771 -0.6044
vn -0.2152 0.0304 -0.9761
vn 0.1755 0.7771 0.6044
vn -0.0892 -0.9820 -0.1667
vn -0.0051 -0.9775 0.2107
vn -0.0548 0.8868 -0.4588
vn -0.2024 -0.6109 -0.7654
vn 0.2217 0.3146 0.9230
vn -0.7888 -0.2564 0.5586
vn -0.7888 -0.2563 0.5586
vn 0.3895 0.5091 -0.7676
vn -0.9788 0.2036 0.0224
vn -0.2650 -0.3171 -0.9106
vn -0.4187 -0.0109 -0.9081
vn -0.0518 0.7310 0.6804
vn 0.5647 -0.5405 0.6237
vn 0.0518 -0.7310 -0.6804
vn 0.3143 -0.9001 -0.3016
vn -0.5378 0.7889 -0.2973
vn -0.0802 -0.5861 -0.8062
vn 0.2617 0.3227 0.9096
vn 0.9937 0.1052 -0.0373
vn -0.9104 0.2454 -0.3330
vn 0.6605 0.5361 -0.5256
vn 0.1844 0.4928 0.8504
vn 0.7958 0.4366 0.4196
vn 0.7422 0.5944 0.3096
vn 0.9812 0.0392 -0.1890
vn 0.5749 -0.3273 -0.7499
vn 0.6319 -0.4667 -0.6188
vn -0.0475 -0.7847 -0.6181
vn -0.7422 -0.5944 -0.3096
vn -0.6589 -0.7285 -0.1872
vn -0.8443 -0.3311 0.4213
vn -0.5749 0.3273 0.7499
vn -0.4950 0.1748 0.8511
vn -0.3265 0.0543 -0.9436
vn 0.1585 -0.9800 -0.1204
vn 0.1460 0.5895 0.7944
vn 0.3265 -0.0543 0.9436
vn -0.1895 0.9815 0.0286
vn 0.7251 0.4587 -0.5136
vn 0.3966 -0.0171 -0.9178
vn -0.0244 0.8854 0.4641
vn 0.5508 0.8326 0.0589
vn -0.6635 0.5863 0.4648
vn -0.8177 -0.2634 -0.5119
vn -0.9920 0.1104 0.0605
vn -0.2425 -0.3163 -0.9172
vn 0.7021 0.4786 -0.5272
vn -0.2748 -0.1964 -0.9412
vn 0.6955 0.3193 -0.6437
vn -0.1453 0.9767 0.1578
vn -0.1454 0.9767 0.1578
vn -0.1196 0.9662 0.2284
vn -0.3634 0.5377 -0.7608
vn 0.8676 0.0112 -0.4971
vn 0.3013 -0.8799 0.3675
vn -0.9297 -0.3534 0.1038
vn -0.8948 -0.0684 0.4412
vn -0.3175 0.8399 -0.4401
vn 0.9374 0.3032 -0.1713
vn 0.3601 -0.6051 0.7100
vn -0.9900 0.1354 0.0385
vn -0.9967 -0.0239 -0.0780
vn 0.8834 0.0313 0.4675
vn 0.1016 -0.9558 -0.2759
vn 0.0838 0.7208 0.6880
vn -0.2783 0.9206 -0.2740
vn 0.3181 -0.0057 0.9480
vn -0.2567 -0.2658 -0.9292
vn -0.2020 0.9793 -0.0100
vn 0.9222 0.3590 -0.1438
vn -0.3023 -0.0758 -0.9502
vn 0.3076 0.0496 0.9502
vn -0.3889 -0.2268 0.8929
vn -0.8873 -0.0080 0.4612
vn -0.9749 0.0518 0.2166
vn 0.9749 -0.0518 -0.2166
vn 0.3895 0.5090 -0.7676
vn 0.8237 0.4166 -0.3847
vt 0.416866 0.612329
vt 0.385812 0.641591
vt 0.385812 0.612329
vt 0.454072 0.539281
vt 0.485126 0.526316
vt 0.485126 0.539281
vt 0.416866 0.501951
vt 0.385812 0.519817
vt 0.385812 0.501951
vt 0.416866 0.539281
vt 0.385812 0.608959
vt 0.385812 0.539281
vt 0.286554 0.568474
vt 0.286554 0.582590
vt 0.323176 0.582590
vt 0.381720 0.539281
vt 0.381720 0.608959
vt 0.352458 0.539281
vt 0.396780 0.841114
vt 0.354354 0.854469
vt 0.354354 0.841114
vt 0.396780 0.798938
vt 0.354354 0.837931
vt 0.354354 0.798938
vt 0.439221 0.850053
vt 0.400689 0.813955
vt 0.439220 0.813953
vt 0.365510 0.943463
vt 0.374948 0.899573
vt 0.395944 0.909261
vt 0.439225 0.947892
vt 0.400694 0.978329
vt 0.400693 0.947893
vt 0.439223 0.909260
vt 0.400693 0.943462
vt 0.400692 0.909261
vt 0.249074 0.556571
vt 0.271805 0.528052
vt 0.271805 0.556571
vt 0.323176 0.501951
vt 0.279284 0.524682
vt 0.279284 0.501951
vt 0.323176 0.586201
vt 0.286554 0.608932
vt 0.286554 0.586201
vt 0.279284 0.556571
vt 0.323176 0.528052
vt 0.325824 0.528052
vt 0.348555 0.582590
vt 0.325824 0.582590
vt 0.249074 0.584635
vt 0.271805 0.570519
vt 0.271805 0.584635
vt 0.249074 0.570519
vt 0.339883 0.846802
vt 0.350818 0.854469
vt 0.350818 0.882532
vt 0.291499 0.896211
vt 0.249073 0.939763
vt 0.249073 0.896211
vt 0.396780 0.854469
vt 0.354354 0.882532
vt 0.396780 0.882532
vt 0.354354 0.895887
vt 0.416866 0.523187
vt 0.385812 0.536152
vt 0.385812 0.523187
vt 0.454072 0.608959
vt 0.485126 0.608959
vt 0.439222 0.881750
vt 0.400692 0.904874
vt 0.400691 0.881752
vt 0.464649 0.899570
vt 0.485645 0.909258
vt 0.474091 0.943459
vt 0.439222 0.877961
vt 0.400690 0.854840
vt 0.439221 0.854839
vt 0.339883 0.890199
vt 0.279050 0.696552
vt 0.314142 0.703480
vt 0.279050 0.703481
vt 0.331229 0.612955
vt 0.320759 0.619884
vt 0.320760 0.612954
vt 0.264946 0.665276
vt 0.264946 0.623964
vt 0.270229 0.659489
vt 0.483034 0.682866
vt 0.451085 0.662716
vt 0.483034 0.662716
vt 0.367563 0.612956
vt 0.363925 0.619885
vt 0.363925 0.612956
vt 0.264947 0.619883
vt 0.264947 0.612953
vt 0.443929 0.757499
vt 0.450859 0.757499
vt 0.450859 0.768172
vt 0.331229 0.619884
vt 0.260837 0.665253
vt 0.253907 0.623941
vt 0.260837 0.623941
vt 0.314141 0.696550
vt 0.325950 0.703480
vt 0.445153 0.754315
vt 0.435612 0.714441
vt 0.445153 0.707481
vt 0.432070 0.662745
vt 0.446662 0.682866
vt 0.432070 0.682895
vt 0.482808 0.768172
vt 0.489738 0.757499
vt 0.489738 0.789001
vt 0.450753 0.612953
vt 0.482702 0.612953
vt 0.489632 0.628854
vt 0.350006 0.686302
vt 0.347441 0.683721
vt 0.368891 0.659042
vt 0.306520 0.748820
vt 0.269585 0.748820
vt 0.306883 0.712768
vt 0.346099 0.696549
vt 0.325950 0.696550
vt 0.450859 0.789001
vt 0.327465 0.763400
vt 0.328906 0.771486
vt 0.310509 0.758680
vt 0.267889 0.712768
vt 0.309276 0.706955
vt 0.253907 0.731524
vt 0.260317 0.731219
vt 0.304696 0.754634
vt 0.266076 0.754634
vt 0.263991 0.706955
vt 0.347506 0.744878
vt 0.334957 0.732413
vt 0.483034 0.703583
vt 0.451085 0.688990
vt 0.483034 0.688990
vt 0.482773 0.754315
vt 0.450824 0.707481
vt 0.482773 0.707481
vt 0.443823 0.628854
vt 0.450753 0.643446
vt 0.428308 0.726395
vt 0.350006 0.694446
vt 0.428308 0.694446
vt 0.446662 0.662716
vt 0.428308 0.686302
vt 0.425675 0.645072
vt 0.279293 0.637403
vt 0.367562 0.619885
vt 0.431988 0.773557
vt 0.398930 0.740769
vt 0.398568 0.776821
vt 0.402557 0.786681
vt 0.420954 0.799488
vt 0.419514 0.791402
vt 0.401324 0.734955
vt 0.359936 0.740769
vt 0.345954 0.759525
vt 0.361631 0.776821
vt 0.352363 0.759220
vt 0.396743 0.782635
vt 0.439555 0.772879
vt 0.427006 0.760413
vt 0.249073 0.807809
vt 0.291499 0.890199
vt 0.249073 0.890199
vt 0.420477 0.539281
vt 0.426175 0.527635
vt 0.449739 0.539281
vt 0.249073 0.758951
vt 0.291499 0.802504
vt 0.249073 0.802504
vt 0.376022 0.527635
vt 0.358156 0.527635
vt 0.353954 0.909263
vt 0.296330 0.807809
vt 0.296330 0.890199
vt 0.443655 0.909260
vt 0.339883 0.807809
vt 0.443929 0.789001
vt 0.482808 0.757499
vt 0.482702 0.643446
vt 0.420477 0.608959
vt 0.449739 0.608959
vt 0.358122 0.782635
vt 0.356038 0.734955
vt 0.416866 0.641591
vt 0.454072 0.526316
vt 0.416866 0.519817
vt 0.416866 0.608959
vt 0.279284 0.528052
vt 0.352458 0.608959
vt 0.396780 0.837931
vt 0.400690 0.850054
vt 0.395945 0.943462
vt 0.439226 0.978327
vt 0.439225 0.943460
vt 0.249074 0.528052
vt 0.323176 0.524682
vt 0.323176 0.608932
vt 0.348555 0.528052
vt 0.291499 0.939763
vt 0.396780 0.895887
vt 0.416866 0.536152
vt 0.439223 0.904873
vt 0.443656 0.943460
vt 0.400691 0.877963
vt 0.320758 0.623964
vt 0.322501 0.634288
vt 0.319999 0.637403
vt 0.345479 0.657549
vt 0.343084 0.660287
vt 0.321108 0.683899
vt 0.314148 0.693438
vt 0.315883 0.680261
vt 0.279057 0.693438
vt 0.281167 0.680261
vt 0.451085 0.682866
vt 0.253907 0.665252
vt 0.435611 0.749534
vt 0.482808 0.789001
vt 0.489632 0.612953
vt 0.443823 0.612953
vt 0.369973 0.648628
vt 0.339940 0.745556
vt 0.346099 0.703479
vt 0.451085 0.703583
vt 0.450824 0.754315
vt 0.489632 0.658038
vt 0.482702 0.658038
vt 0.450753 0.658038
vt 0.443823 0.658038
vt 0.350006 0.726395
vt 0.291499 0.807809
vt 0.444041 0.527635
vt 0.291499 0.758951
vt 0.494585 0.134758
vt 0.465140 0.099786
vt 0.494585 0.099786
vt 0.400341 0.416638
vt 0.408235 0.386802
vt 0.423017 0.410282
vt 0.396031 0.105439
vt 0.426540 0.137138
vt 0.396031 0.137138
vt 0.357975 0.133269
vt 0.387921 0.073015
vt 0.364313 0.099532
vt 0.370150 0.073015
vt 0.365577 0.047419
vt 0.391016 0.034147
vt 0.392494 0.047419
vt 0.353992 0.420351
vt 0.371722 0.409396
vt 0.367661 0.424822
vt 0.240857 0.386951
vt 0.261526 0.430856
vt 0.240857 0.430856
vt 0.272444 0.386951
vt 0.300324 0.430985
vt 0.265232 0.430985
vt 0.304592 0.208422
vt 0.283915 0.139451
vt 0.304592 0.139451
vt 0.345274 0.212245
vt 0.308067 0.232922
vt 0.308067 0.212245
vt 0.362669 0.157591
vt 0.383345 0.213877
vt 0.362669 0.213877
vt 0.362669 0.139450
vt 0.383345 0.157591
vt 0.308067 0.139451
vt 0.347974 0.139451
vt 0.359020 0.153840
vt 0.347974 0.114951
vt 0.308067 0.135628
vt 0.308067 0.114951
vt 0.411796 0.327070
vt 0.431238 0.378816
vt 0.414751 0.385786
vt 0.371779 0.425967
vt 0.377180 0.410267
vt 0.428518 0.425953
vt 0.415276 0.470574
vt 0.400426 0.441431
vt 0.385620 0.470598
vt 0.385773 0.476138
vt 0.420671 0.491818
vt 0.378289 0.491817
vt 0.213181 0.382548
vt 0.188337 0.330308
vt 0.220882 0.330308
vt 0.494585 0.042424
vt 0.465140 0.042424
vt 0.426540 0.105439
vt 0.450499 0.139617
vt 0.450499 0.102960
vt 0.460331 0.136011
vt 0.328186 0.385037
vt 0.344833 0.406222
vt 0.328186 0.406222
vt 0.380846 0.473754
vt 0.354295 0.424794
vt 0.367930 0.429371
vt 0.421158 0.473914
vt 0.446418 0.425005
vt 0.428238 0.489433
vt 0.386503 0.384376
vt 0.366895 0.395581
vt 0.366851 0.363102
vt 0.471338 0.409652
vt 0.452265 0.396503
vt 0.471338 0.396503
vt 0.392023 0.386812
vt 0.392200 0.325548
vt 0.471338 0.371798
vt 0.452265 0.334629
vt 0.471338 0.334629
vt 0.272444 0.483494
vt 0.240857 0.484994
vt 0.261526 0.484994
vt 0.390289 0.325667
vt 0.360664 0.334421
vt 0.426915 0.409462
vt 0.445493 0.404589
vt 0.443915 0.420184
vt 0.431191 0.424829
vt 0.408244 0.259897
vt 0.439976 0.324498
vt 0.417796 0.324498
vt 0.408244 0.218555
vt 0.438565 0.153954
vt 0.449528 0.218555
vt 0.459051 0.141954
vt 0.493198 0.165307
vt 0.447084 0.165307
vt 0.447024 0.180494
vt 0.493259 0.180494
vt 0.452265 0.371798
vt 0.455811 0.209318
vt 0.484471 0.209318
vt 0.345943 0.357816
vt 0.344832 0.385037
vt 0.324187 0.333374
vt 0.327075 0.357816
vt 0.449528 0.259897
vt 0.032853 0.420023
vt 0.126472 0.391526
vt 0.126472 0.420091
vt 0.126978 0.330356
vt 0.110234 0.381113
vt 0.029089 0.330356
vt 0.132182 0.330356
vt 0.166459 0.381113
vt 0.183070 0.330356
vt 0.132263 0.321661
vt 0.036515 0.307539
vt 0.132263 0.264988
vt 0.331150 0.432946
vt 0.303855 0.431105
vt 0.319178 0.389961
vt 0.450509 0.040727
vt 0.444322 0.032711
vt 0.429729 0.040373
vt 0.429729 0.065646
vt 0.414494 0.099799
vt 0.450509 0.099799
vt 0.404323 0.074457
vt 0.404323 0.048097
vt 0.444322 0.008038
vt 0.413452 0.002195
vt 0.413954 0.476138
vt 0.433668 0.429578
vt 0.132182 0.381113
vt 0.117008 0.144668
vt 0.162380 0.180848
vt 0.112593 0.180848
vt 0.110296 0.209921
vt 0.167651 0.189434
vt 0.215285 0.237228
vt 0.173482 0.237228
vt 0.164805 0.144433
vt 0.221116 0.189434
vt 0.116537 0.113525
vt 0.157965 0.141789
vt 0.117008 0.141789
vt 0.167133 0.231865
vt 0.164677 0.209921
vt 0.209625 0.126185
vt 0.248742 0.114868
vt 0.237721 0.134002
vt 0.163638 0.116026
vt 0.176429 0.141235
vt 0.207610 0.096143
vt 0.169253 0.390522
vt 0.202782 0.398648
vt 0.202782 0.415791
vt 0.465140 0.134758
vt 0.357975 0.109307
vt 0.393758 0.099532
vt 0.367055 0.034147
vt 0.364168 0.397236
vt 0.261526 0.386951
vt 0.293112 0.386951
vt 0.283915 0.208422
vt 0.345274 0.232922
vt 0.383345 0.139450
vt 0.345274 0.208422
vt 0.308067 0.208422
vt 0.347974 0.135628
vt 0.437515 0.334953
vt 0.196038 0.382548
vt 0.460331 0.106566
vt 0.373068 0.489288
vt 0.374117 0.407941
vt 0.452265 0.409652
vt 0.408413 0.325580
vt 0.293112 0.483494
vt 0.419207 0.153954
vt 0.481232 0.141954
vt 0.348832 0.333374
vt 0.032853 0.391594
vt 0.126978 0.381113
vt 0.036515 0.279110
vt 0.182038 0.277053
vt 0.182038 0.309596
vt 0.316240 0.483807
vt 0.395977 0.037274
vt 0.157965 0.144668
vt 0.223962 0.144433
vt 0.158436 0.113525
vt 0.107840 0.231865
vt 0.169253 0.423918
vt 0.152876 0.421503
vt 0.152876 0.392937
vt 0.215467 0.015727
vt 0.235951 0.007757
vt 0.235951 0.063890
vt 0.185665 0.042438
vt 0.156162 0.021298
vt 0.163742 0.012956
vt 0.133926 0.019128
vt 0.125838 0.067167
vt 0.125838 0.011034
vt 0.125838 0.078198
vt 0.133926 0.097248
vt 0.125838 0.101717
vt 0.256470 0.049041
vt 0.278618 0.019002
vt 0.296867 0.035797
vt 0.281324 0.015156
vt 0.303076 0.019812
vt 0.299573 0.031951
vt 0.314709 0.027458
vt 0.333836 0.009856
vt 0.361746 0.047709
vt 0.081197 0.102265
vt 0.112604 0.126785
vt 0.081197 0.126785
vt 0.133926 0.078198
vt 0.174649 0.053122
vt 0.163617 0.091152
vt 0.146420 0.074519
vt 0.175305 0.096471
vt 0.178281 0.053122
vt 0.188837 0.049821
vt 0.147087 0.106685
vt 0.163617 0.095052
vt 0.167736 0.103783
vt 0.159954 0.010710
vt 0.138196 0.014111
vt 0.139471 0.002739
vt 0.310494 0.102064
vt 0.300998 0.035797
vt 0.310494 0.027463
vt 0.276054 0.014871
vt 0.243103 0.040514
vt 0.271012 0.002660
vt 0.252054 0.049041
vt 0.253746 0.103316
vt 0.240392 0.048948
vt 0.296869 0.115634
vt 0.269496 0.106145
vt 0.296867 0.106137
vt 0.081197 0.071366
vt 0.112604 0.005795
vt 0.112604 0.071366
vt 0.067672 0.001951
vt 0.036265 0.021484
vt 0.036265 0.001951
vt 0.067672 0.117307
vt 0.036265 0.099390
vt 0.067672 0.099390
vt 0.072016 0.088630
vt 0.112604 0.102265
vt 0.121785 0.088630
vt 0.067672 0.094466
vt 0.036265 0.025328
vt 0.067672 0.025328
vt 0.021222 0.093307
vt 0.030115 0.108860
vt 0.005596 0.108740
vt 0.030115 0.024743
vt 0.007371 0.073892
vt 0.018246 0.009229
vt 0.002012 0.092698
vt 0.193544 0.045209
vt 0.207077 0.091858
vt 0.227726 0.071242
vt 0.283948 0.002209
vt 0.133926 0.067167
vt 0.153921 0.025247
vt 0.138196 0.019128
vt 0.138196 0.067167
vt 0.300998 0.102067
vt 0.081197 0.005795
vt 0.006642 0.257213
vt 0.089651 0.267214
vt 0.006642 0.267214
vt 0.089651 0.187364
vt 0.006642 0.197366
vt 0.006642 0.187364
vt 0.276181 0.328390
vt 0.266822 0.249891
vt 0.266821 0.328390
vt 0.228800 0.302397
vt 0.239838 0.312911
vt 0.225345 0.312911
vt 0.242824 0.292459
vt 0.211310 0.257059
vt 0.224961 0.298903
vt 0.216211 0.305680
vt 0.404337 0.320685
vt 0.380044 0.289228
vt 0.404337 0.289228
vt 0.334455 0.236445
vt 0.310162 0.311440
vt 0.310162 0.236445
vt 0.339070 0.329883
vt 0.363362 0.314184
vt 0.363362 0.329883
vt 0.374062 0.286266
vt 0.339500 0.311440
vt 0.339500 0.236445
vt 0.334408 0.314098
vt 0.310116 0.329797
vt 0.310116 0.314098
vt 0.380044 0.235956
vt 0.404337 0.235956
vt 0.225345 0.338071
vt 0.239838 0.317176
vt 0.239838 0.338071
vt 0.220037 0.250053
vt 0.257617 0.350357
vt 0.246125 0.368755
vt 0.246125 0.341045
vt 0.274401 0.350357
vt 0.285111 0.368755
vt 0.274401 0.368755
vt 0.261440 0.371933
vt 0.269472 0.382643
vt 0.257273 0.382643
vt 0.269472 0.332065
vt 0.261440 0.346257
vt 0.257273 0.332065
vt 0.103794 0.202073
vt 0.093792 0.253237
vt 0.103794 0.253237
vt 0.269472 0.350357
vt 0.261440 0.368755
vt 0.261440 0.350357
vt 0.236382 0.298903
vt 0.223877 0.250053
vt 0.241306 0.250053
vt 0.306208 0.245911
vt 0.281913 0.236551
vt 0.306208 0.236551
vt 0.257617 0.368755
vt 0.285111 0.341045
vt 0.269472 0.371933
vt 0.089651 0.130951
vt 0.006642 0.182115
vt 0.006642 0.130951
vt 0.006642 0.202073
vt 0.089651 0.253237
vt 0.006642 0.253237
vt 0.225345 0.341565
vt 0.244738 0.369457
vt 0.220444 0.369457
vt 0.220444 0.381503
vt 0.244738 0.372144
vt 0.244738 0.381503
vt 0.223877 0.245605
vt 0.244739 0.234954
vt 0.241306 0.245605
vt 0.306208 0.249983
vt 0.281913 0.328482
vt 0.281913 0.249983
vt 0.355199 0.311440
vt 0.126611 0.492736
vt 0.106663 0.428218
vt 0.126611 0.428218
vt 0.075797 0.492736
vt 0.023754 0.428218
vt 0.075796 0.428218
vt 0.101976 0.492736
vt 0.082028 0.428218
vt 0.101976 0.428218
vt 0.185308 0.450205
vt 0.133265 0.430256
vt 0.185308 0.430256
vt 0.185731 0.482241
vt 0.133688 0.462293
vt 0.185731 0.462293
vt 0.227726 0.094760
vt 0.176891 0.049172
vt 0.296867 0.102067
vt 0.269496 0.102075
vt 0.348391 0.102077
vt 0.314709 0.102059
vt 0.146420 0.093568
vt 0.167248 0.091152
vt 0.146420 0.097469
vt 0.153921 0.020230
vt 0.253906 0.044910
vt 0.265080 0.102075
vt 0.263187 0.115642
vt 0.067672 0.021484
vt 0.036265 0.117307
vt 0.036265 0.094466
vt 0.089651 0.257213
vt 0.089651 0.197366
vt 0.276181 0.249891
vt 0.236382 0.302397
vt 0.242824 0.313353
vt 0.380044 0.320685
vt 0.334455 0.311440
vt 0.339070 0.314184
vt 0.355199 0.236445
vt 0.334408 0.329797
vt 0.225345 0.317176
vt 0.269472 0.346257
vt 0.093792 0.202073
vt 0.269472 0.368755
vt 0.228800 0.298903
vt 0.281913 0.245911
vt 0.089651 0.182115
vt 0.089651 0.202073
vt 0.239838 0.341565
vt 0.220444 0.372144
vt 0.220444 0.234954
vt 0.306208 0.328483
vt 0.106663 0.492736
vt 0.023754 0.492736
vt 0.082028 0.492736
vt 0.133265 0.450205
vt 0.133688 0.482241
vt 0.062087 0.666277
vt 0.011724 0.651956
vt 0.015941 0.631642
vt 0.106616 0.575068
vt 0.134002 0.534433
vt 0.123419 0.577041
vt 0.083294 0.601411
vt 0.129199 0.587355
vt 0.123743 0.607674
vt 0.078829 0.622373
vt 0.121852 0.627467
vt 0.004170 0.829408
vt 0.027962 0.752573
vt 0.028322 0.829405
vt 0.143261 0.616402
vt 0.004508 0.749517
vt 0.027954 0.695492
vt 0.027962 0.749514
vt 0.135487 0.575811
vt 0.206045 0.557574
vt 0.203036 0.575811
vt 0.004501 0.692074
vt 0.004497 0.661959
vt 0.016223 0.661957
vt 0.047323 0.608297
vt 0.040634 0.594848
vt 0.069576 0.567835
vt 0.033827 0.570121
vt 0.027316 0.599280
vt 0.016599 0.574355
vt 0.086134 0.575055
vt 0.220923 0.631538
vt 0.174813 0.666219
vt 0.170086 0.627352
vt 0.004174 0.860543
vt 0.028575 0.876560
vt 0.003929 0.876563
vt 0.046965 0.553586
vt 0.047386 0.537715
vt 0.052498 0.553586
vt 0.046965 0.565646
vt 0.052499 0.565646
vt 0.004174 0.857058
vt 0.028322 0.832127
vt 0.028325 0.857055
vt 0.041852 0.537715
vt 0.044393 0.505401
vt 0.076733 0.510798
vt 0.082825 0.506022
vt 0.084473 0.511306
vt 0.213231 0.600190
vt 0.187083 0.581954
vt 0.214736 0.581955
vt 0.137585 0.785092
vt 0.109822 0.748527
vt 0.121048 0.744473
vt 0.137587 0.670791
vt 0.101288 0.631797
vt 0.135577 0.631780
vt 0.245636 0.663431
vt 0.234774 0.670036
vt 0.221571 0.656932
vt 0.104675 0.566227
vt 0.089072 0.548911
vt 0.101461 0.545502
vt 0.089072 0.540411
vt 0.098755 0.528050
vt 0.069090 0.555331
vt 0.066607 0.543798
vt 0.085155 0.549841
vt 0.238500 0.652266
vt 0.188587 0.600189
vt 0.158327 0.593136
vt 0.144533 0.673953
vt 0.212079 0.673952
vt 0.178307 0.719663
vt 0.075085 0.505514
vt 0.049817 0.507583
vt 0.048170 0.502299
vt 0.033885 0.546481
vt 0.019833 0.555448
vt 0.004134 0.522727
vt 0.133149 0.508871
vt 0.088869 0.511118
vt 0.089150 0.505591
vt 0.242440 0.705309
vt 0.217679 0.745216
vt 0.138936 0.745217
vt 0.232114 0.575059
vt 0.204722 0.534428
vt 0.218453 0.524515
vt 0.243491 0.593140
vt 0.114173 0.705311
vt 0.238998 0.748533
vt 0.211231 0.785096
vt 0.227772 0.744478
vt 0.151209 0.761543
vt 0.205237 0.761543
vt 0.194629 0.791985
vt 0.036988 0.614871
vt 0.191551 0.812469
vt 0.186730 0.801974
vt 0.188494 0.501955
vt 0.155433 0.536952
vt 0.132478 0.557574
vt 0.181683 0.515625
vt 0.150226 0.501957
vt 0.162085 0.801973
vt 0.120269 0.524522
vt 0.066774 0.627405
vt 0.155341 0.604617
vt 0.157263 0.812467
vt 0.127668 0.794176
vt 0.073149 0.775091
vt 0.081410 0.808023
vt 0.031612 0.749514
vt 0.233252 0.533922
vt 0.232834 0.549623
vt 0.238309 0.549623
vt 0.232834 0.561554
vt 0.238309 0.561554
vt 0.230291 0.501954
vt 0.227777 0.533922
vt 0.066762 0.687385
vt 0.060736 0.692109
vt 0.068392 0.692612
vt 0.245525 0.684431
vt 0.221460 0.677932
vt 0.234663 0.691035
vt 0.089072 0.573232
vt 0.238389 0.673266
vt 0.034110 0.688928
vt 0.059106 0.686882
vt 0.032480 0.683701
vt 0.010061 0.517730
vt 0.108726 0.675383
vt 0.073149 0.775094
vt 0.081410 0.808025
vt 0.092743 0.785822
vt 0.052036 0.906222
vt 0.038712 0.970823
vt 0.038712 0.887342
vt 0.204879 0.882689
vt 0.225757 0.835953
vt 0.235159 0.882689
vt 0.197341 0.835953
vt 0.185865 0.854279
vt 0.197340 0.854279
vt 0.155417 0.887409
vt 0.182375 0.857830
vt 0.178166 0.881465
vt 0.087620 0.872154
vt 0.113056 0.857166
vt 0.080754 0.849167
vt 0.078068 0.891001
vt 0.110925 0.887060
vt 0.110020 0.900257
vt 0.111785 0.911789
vt 0.208548 0.984416
vt 0.084120 0.903804
vt 0.114812 0.882944
vt 0.116250 0.852501
vt 0.115573 0.879077
vt 0.212219 0.951829
vt 0.021711 0.906222
vt 0.035035 0.970823
vt 0.029590 0.980926
vt 0.074157 0.866953
vt 0.070480 0.883770
vt 0.070480 0.866953
vt 0.035035 0.887342
vt 0.038712 0.866955
vt 0.035035 0.982300
vt 0.038712 0.982300
vt 0.074158 0.902869
vt 0.070481 0.977993
vt 0.070480 0.902869
vt 0.074157 0.883770
vt 0.201549 0.881465
vt 0.185865 0.857829
vt 0.181657 0.881465
vt 0.181657 0.885074
vt 0.206743 0.908007
vt 0.201549 0.885074
vt 0.044156 0.980926
vt 0.078949 0.877796
vt 0.057502 0.803214
vt 0.047449 0.788853
vt 0.069882 0.800798
vt 0.142424 0.844394
vt 0.150084 0.828506
vt 0.150180 0.844394
vt 0.142349 0.858632
vt 0.150180 0.847075
vt 0.150254 0.858632
vt 0.076360 0.824476
vt 0.060511 0.828474
vt 0.058845 0.821742
vt 0.047532 0.831988
vt 0.045359 0.825108
vt 0.043526 0.828352
vt 0.073345 0.838589
vt 0.078158 0.834936
vt 0.078158 0.846008
vt 0.049894 0.836809
vt 0.060885 0.832148
vt 0.060885 0.834536
vt 0.080482 0.752258
vt 0.084657 0.749373
vt 0.088832 0.752258
vt 0.153098 0.844459
vt 0.161344 0.833970
vt 0.163221 0.849917
vt 0.139313 0.815951
vt 0.150084 0.825360
vt 0.142519 0.825360
vt 0.042923 0.804413
vt 0.102711 0.787952
vt 0.133264 0.807237
vt 0.086152 0.807237
vt 0.137278 0.827620
vt 0.082138 0.834461
vt 0.082138 0.827620
vt 0.068993 0.842714
vt 0.047758 0.846009
vt 0.051529 0.840587
vt 0.060885 0.846008
vt 0.060885 0.841826
vt 0.057914 0.818167
vt 0.075460 0.820826
vt 0.044302 0.821094
vt 0.033534 0.835067
vt 0.044462 0.845988
vt 0.033534 0.845988
vt 0.137278 0.834461
vt 0.082138 0.845532
vt 0.146302 0.866797
vt 0.142349 0.861596
vt 0.150254 0.861596
vt 0.090123 0.757513
vt 0.079192 0.757514
vt 0.073344 0.838589
vt 0.078158 0.846008
vt 0.049895 0.836809
vt 0.060885 0.832148
vt 0.047758 0.835085
vt 0.068993 0.842714
vt 0.047758 0.846009
vt 0.051529 0.840587
vt 0.060885 0.846008
vt 0.060885 0.841826
vt 0.037500 0.824389
vt 0.038061 0.808802
vt 0.153005 0.828649
vt 0.057994 0.880721
vt 0.067291 0.894734
vt 0.015753 0.880721
vt 0.006455 0.894734
vt 0.042581 0.824406
vt 0.054149 0.546610
vt 0.049712 0.513233
vt 0.077713 0.515836
vt 0.084062 0.520779
vt 0.060422 0.734260
vt 0.031604 0.695492
vt 0.061381 0.699990
vt 0.060422 0.734263
vt 0.031604 0.695494
vt 0.031612 0.749516
vt 0.101249 0.775016
vt 0.109357 0.783194
vt 0.101249 0.782305
vt 0.091894 0.781067
vt 0.090260 0.777289
vt 0.113708 0.779069
vt 0.155416 0.887409
vt 0.182375 0.857829
vt 0.170568 0.842209
vt 0.019481 0.614534
vt 0.004508 0.752576
vt 0.004501 0.695496
vt 0.027950 0.661955
vt 0.027954 0.692070
vt 0.217366 0.614433
vt 0.225162 0.651847
vt 0.028325 0.860540
vt 0.004170 0.832130
vt 0.038859 0.505401
vt 0.099318 0.670811
vt 0.089072 0.520850
vt 0.161035 0.611417
vt 0.019844 0.567504
vt 0.036923 0.514182
vt 0.215311 0.577034
vt 0.240781 0.611421
vt 0.221148 0.794181
vt 0.178223 0.797995
vt 0.161817 0.791985
vt 0.145739 0.761543
vt 0.178224 0.723203
vt 0.210709 0.761543
vt 0.183090 0.536952
vt 0.157039 0.515627
vt 0.092743 0.785820
vt 0.224816 0.501954
vt 0.214282 0.835953
vt 0.185866 0.835952
vt 0.170568 0.842210
vt 0.035035 0.866955
vt 0.074159 0.977993
vt 0.197340 0.857830
vt 0.176463 0.908007
vt 0.142519 0.828506
vt 0.142424 0.847075
vt 0.077793 0.831164
vt 0.047758 0.835085
vt 0.153290 0.815951
vt 0.116705 0.787952
vt 0.044462 0.835066
vt 0.137278 0.845532
vt 0.084817 0.541059
vt 0.061381 0.699992
vt 0.178167 0.881465
vt 0.521713 0.221557
vt 0.501957 0.302712
vt 0.501954 0.236691
vt 0.674713 0.389939
vt 0.559991 0.383565
vt 0.665843 0.343744
vt 0.886885 0.233887
vt 0.886888 0.305484
vt 0.690504 0.333040
vt 0.711467 0.405245
vt 0.711467 0.487617
vt 0.674930 0.497528
vt 0.743835 0.489742
vt 0.717696 0.405245
vt 0.743835 0.403121
vt 0.963662 0.437959
vt 0.963662 0.454902
vt 0.946293 0.482232
vt 0.904240 0.278156
vt 0.904239 0.261213
vt 0.945580 0.269683
vt 0.942186 0.363875
vt 0.942186 0.346932
vt 0.985019 0.355404
vt 0.525487 0.184956
vt 0.559589 0.184957
vt 0.559588 0.196999
vt 0.591959 0.196163
vt 0.591959 0.184958
vt 0.946740 0.405445
vt 0.752219 0.365034
vt 0.981256 0.394646
vt 0.717696 0.400175
vt 0.686098 0.343486
vt 0.746270 0.359806
vt 0.681159 0.390265
vt 0.634158 0.184959
vt 0.749844 0.397936
vt 0.564591 0.408025
vt 0.521718 0.317845
vt 0.630332 0.349363
vt 0.630325 0.190029
vt 0.690498 0.206348
vt 0.920442 0.227812
vt 0.920445 0.311556
vt 0.564807 0.479442
vt 0.564807 0.413421
vt 0.674930 0.395335
vt 0.717696 0.487617
vt 0.749397 0.489742
vt 0.749397 0.403121
vt 0.946293 0.410630
vt 0.742807 0.392611
vt 0.597154 0.546580
vt 0.502268 0.505805
vt 0.603241 0.505805
vt 0.508356 0.595020
vt 0.597154 0.551963
vt 0.597154 0.595020
vt 0.502268 0.600148
vt 0.597154 0.640923
vt 0.508356 0.640923
vt 0.864507 0.782265
vt 0.843337 0.749128
vt 0.869192 0.749128
vt 0.804067 0.782416
vt 0.782897 0.749279
vt 0.808751 0.749279
vt 0.808663 0.717954
vt 0.782809 0.743808
vt 0.782809 0.717954
vt 0.803870 0.803293
vt 0.787384 0.786807
vt 0.803870 0.786807
vt 0.599001 0.742792
vt 0.545189 0.748358
vt 0.545189 0.742792
vt 0.767516 0.645626
vt 0.757123 0.664541
vt 0.727449 0.595417
vt 0.766225 0.671417
vt 0.762669 0.682989
vt 0.735538 0.703184
vt 0.772375 0.791027
vt 0.778791 0.779020
vt 0.778792 0.791027
vt 0.822720 0.672417
vt 0.829138 0.745471
vt 0.822721 0.745472
vt 0.772373 0.745473
vt 0.778789 0.672418
vt 0.778791 0.745473
vt 0.772369 0.514146
vt 0.778484 0.569528
vt 0.772370 0.569528
vt 0.604445 0.753138
vt 0.609339 0.750484
vt 0.637153 0.823251
vt 0.877689 0.722556
vt 0.928556 0.805172
vt 0.877689 0.805172
vt 0.928358 0.501966
vt 0.981624 0.557709
vt 0.985122 0.502378
vt 0.880763 0.667969
vt 0.925483 0.667969
vt 0.877689 0.718513
vt 0.867713 0.935478
vt 0.823069 0.929514
vt 0.867713 0.878608
vt 0.893233 0.589383
vt 0.918174 0.575263
vt 0.912642 0.589383
vt 0.997290 0.926884
vt 0.997290 0.870012
vt 0.943159 0.858019
vt 0.772203 0.929514
vt 0.727559 0.935478
vt 0.727559 0.878608
vt 0.924861 0.557297
vt 0.985122 0.608850
vt 0.929145 0.619933
vt 0.812873 0.863955
vt 0.893233 0.632280
vt 0.912642 0.593956
vt 0.912643 0.632280
vt 0.893418 0.637110
vt 0.829108 0.551035
vt 0.783839 0.627642
vt 0.783839 0.551035
vt 0.834082 0.552060
vt 0.844862 0.628049
vt 0.834082 0.628049
vt 0.772374 0.779020
vt 0.844862 0.552060
vt 0.874149 0.513171
vt 0.827085 0.501954
vt 0.785862 0.501954
vt 0.616982 0.703182
vt 0.661885 0.683438
vt 0.661884 0.703183
vt 0.887820 0.593905
vt 0.855918 0.622494
vt 0.873876 0.587944
vt 0.918227 0.926884
vt 0.914671 0.920920
vt 0.502268 0.699280
vt 0.603241 0.646213
vt 0.603241 0.699280
vt 0.652059 0.771649
vt 0.704560 0.766262
vt 0.697180 0.771873
vt 0.651674 0.861119
vt 0.696678 0.861343
vt 0.806584 0.859439
vt 0.745077 0.809750
vt 0.741705 0.859439
vt 0.709053 0.901673
vt 0.625051 0.906650
vt 0.639651 0.901674
vt 0.611298 0.703103
vt 0.597971 0.738021
vt 0.597971 0.704987
vt 0.631516 0.852963
vt 0.647627 0.825311
vt 0.641494 0.823251
vt 0.625994 0.723982
vt 0.545189 0.753137
vt 0.599001 0.753138
vt 0.551658 0.827874
vt 0.506933 0.890970
vt 0.535601 0.859164
vt 0.540583 0.890970
vt 0.502013 0.930831
vt 0.511915 0.854736
vt 0.535601 0.821956
vt 0.535601 0.854736
vt 0.502013 0.987482
vt 0.545503 0.936212
vt 0.545503 0.987482
vt 0.829137 0.666303
vt 0.778485 0.644897
vt 0.823023 0.644897
vt 0.829108 0.627642
vt 0.783839 0.638509
vt 0.772372 0.644897
vt 0.736484 0.819745
vt 0.736484 0.804320
vt 0.731039 0.804320
vt 0.723653 0.906649
vt 0.625051 0.964785
vt 0.927719 0.858474
vt 0.820645 0.809402
vt 0.919247 0.809397
vt 0.551609 0.704987
vt 0.592481 0.738021
vt 0.551609 0.738021
vt 0.592530 0.845420
vt 0.598999 0.870952
vt 0.592530 0.870952
vt 0.813567 0.749279
vt 0.834737 0.782416
vt 0.839421 0.749279
vt 0.818251 0.782416
vt 0.657557 0.542877
vt 0.609496 0.501955
vt 0.662562 0.501955
vt 0.725614 0.859907
vt 0.710165 0.806211
vt 0.733932 0.769346
vt 0.551211 0.931061
vt 0.592197 0.891199
vt 0.551211 0.891199
vt 0.602481 0.931061
vt 0.551211 0.886279
vt 0.592197 0.886279
vt 0.583991 0.854085
vt 0.551211 0.854085
vt 0.705148 0.771478
vt 0.663420 0.592835
vt 0.669584 0.528165
vt 0.714487 0.528165
vt 0.646617 0.632773
vt 0.677304 0.664541
vt 0.933065 0.740700
vt 0.977934 0.817076
vt 0.933063 0.817075
vt 0.977936 0.738016
vt 0.928423 0.663849
vt 0.984056 0.644377
vt 0.976141 0.676562
vt 0.933194 0.723292
vt 0.977838 0.730235
vt 0.977838 0.723292
vt 0.933194 0.735478
vt 0.508356 0.546580
vt 0.508356 0.551963
vt 0.603241 0.600148
vt 0.848022 0.782265
vt 0.787581 0.782416
vt 0.808663 0.743808
vt 0.787384 0.803293
vt 0.599001 0.748359
vt 0.650173 0.644345
vt 0.727449 0.530747
vt 0.767516 0.569637
vt 0.772372 0.666304
vt 0.778483 0.514146
vt 0.627175 0.852963
vt 0.604444 0.841335
vt 0.928556 0.722556
vt 0.973200 0.680682
vt 0.928556 0.718513
vt 0.973200 0.718513
vt 0.833045 0.718513
vt 0.833045 0.680682
vt 0.823069 0.939981
vt 0.887701 0.575263
vt 0.894138 0.873007
vt 0.881098 0.903479
vt 0.772203 0.939981
vt 0.782400 0.863955
vt 0.893233 0.593956
vt 0.912828 0.637110
vt 0.616982 0.683438
vt 0.887820 0.632229
vt 0.502268 0.646213
vt 0.644723 0.768516
vt 0.644735 0.765965
vt 0.704547 0.768813
vt 0.803212 0.809750
vt 0.644439 0.867030
vt 0.704265 0.867029
vt 0.637649 0.855022
vt 0.598999 0.841335
vt 0.592530 0.827875
vt 0.592530 0.841335
vt 0.551657 0.841334
vt 0.545189 0.841334
vt 0.511915 0.859164
vt 0.545503 0.890970
vt 0.545503 0.930831
vt 0.502013 0.890970
vt 0.511915 0.821956
vt 0.502013 0.936212
vt 0.829136 0.644896
vt 0.829108 0.638509
vt 0.723654 0.964785
vt 0.812178 0.858481
vt 0.592481 0.704987
vt 0.598999 0.845420
vt 0.614500 0.542877
vt 0.734900 0.859446
vt 0.725964 0.810451
vt 0.736483 0.769346
vt 0.720651 0.528165
vt 0.720651 0.592835
vt 0.663420 0.528165
vt 0.930397 0.624961
vt 0.501953 0.024443
vt 0.531959 0.126876
vt 0.666905 0.126648
vt 0.604259 0.014956
vt 0.635199 0.023825
vt 0.604259 0.023825
vt 0.802329 0.023825
vt 0.756473 0.014956
vt 0.802329 0.014957
vt 0.674785 0.023825
vt 0.756473 0.023825
vt 0.674785 0.014956
vt 0.531960 0.126876
vt 0.501952 0.024443
vt 0.666906 0.126646
vt 0.675120 0.164603
vt 0.648864 0.236801
vt 0.675120 0.230110
vt 0.769172 0.156580
vt 0.677738 0.161986
vt 0.669852 0.131693
vt 0.783257 0.236801
vt 0.757002 0.183874
vt 0.783257 0.172449
vt 0.666533 0.257578
vt 0.754646 0.232908
vt 0.765852 0.257578
vt 0.754646 0.183874
vt 0.677738 0.230110
vt 0.677738 0.164603
vt 0.551118 0.001952
vt 0.711979 0.010823
vt 0.551117 0.010823
vt 0.825905 0.103692
vt 0.880875 0.158580
vt 0.825984 0.150388
vt 0.827719 0.001952
vt 0.827719 0.010823
vt 0.767485 0.010823
vt 0.862861 0.010824
vt 0.973580 0.001952
vt 0.973580 0.010824
vt 0.711979 0.001952
vt 0.933953 0.130130
vt 0.961591 0.114920
vt 0.825979 0.081743
vt 0.825979 0.081739
vt 0.502026 0.002490
vt 0.995083 0.006388
vt 0.933953 0.130124
vt 0.825905 0.103696
vt 0.880874 0.158585
vt 0.635199 0.014956
vt 0.677738 0.232908
vt 0.754646 0.230110
vt 0.858956 0.006388
vt 0.825983 0.150392
vt 0.648864 0.147561
vt 0.757002 0.230110
vt 0.900255 0.423122
vt 0.975223 0.325048
vt 0.975223 0.423122
vt 0.916670 0.305894
vt 0.958808 0.305894
vt 0.977282 0.124954
vt 0.954969 0.163189
vt 0.953198 0.124954
vt 0.949781 0.139951
vt 0.814479 0.152954
vt 0.789904 0.227558
vt 0.793939 0.152954
vt 0.773565 0.354084
vt 0.804012 0.272358
vt 0.804012 0.344195
vt 0.834458 0.354084
vt 0.804011 0.412177
vt 0.819858 0.230627
vt 0.788167 0.230627
vt 0.975223 0.473920
vt 0.766609 0.394574
vt 0.783007 0.375295
vt 0.804119 0.428578
vt 0.896346 0.392276
vt 0.854795 0.367051
vt 0.896346 0.367051
vt 0.868264 0.239507
vt 0.876299 0.165227
vt 0.896346 0.197829
vt 0.896346 0.492790
vt 0.852720 0.394721
vt 0.896346 0.394721
vt 0.852720 0.392275
vt 0.845554 0.492790
vt 0.528621 0.432154
vt 0.506826 0.393981
vt 0.537682 0.425287
vt 0.721795 0.406525
vt 0.733164 0.324953
vt 0.733164 0.406525
vt 0.531338 0.384360
vt 0.521492 0.367307
vt 0.541184 0.367307
vt 0.544679 0.416325
vt 0.549144 0.405869
vt 0.518100 0.436467
vt 0.744533 0.406525
vt 0.506826 0.437937
vt 0.710426 0.324953
vt 0.710426 0.406525
vt 0.744533 0.324953
vt 0.755901 0.406525
vt 0.550778 0.394617
vt 0.721795 0.324953
vt 0.716877 0.411243
vt 0.728881 0.415039
vt 0.704356 0.471725
vt 0.670449 0.352961
vt 0.682973 0.354244
vt 0.670450 0.414724
vt 0.630469 0.454015
vt 0.617880 0.352952
vt 0.630469 0.352952
vt 0.739866 0.421189
vt 0.657925 0.354245
vt 0.617880 0.454015
vt 0.605292 0.352952
vt 0.691829 0.411244
vt 0.704353 0.409961
vt 0.645922 0.358041
vt 0.592703 0.454015
vt 0.592703 0.352952
vt 0.679826 0.415041
vt 0.634938 0.364191
vt 0.580114 0.352952
vt 0.668841 0.421193
vt 0.694976 0.358039
vt 0.705960 0.364190
vt 0.580114 0.454015
vt 0.567524 0.352952
vt 0.567524 0.454015
vt 0.554936 0.352952
vt 0.605292 0.454015
vt 0.734750 0.320244
vt 0.709014 0.290425
vt 0.734750 0.290425
vt 0.537699 0.320244
vt 0.706518 0.290425
vt 0.537699 0.290425
vt 0.535442 0.320244
vt 0.509706 0.290425
vt 0.535442 0.290425
vt 0.706518 0.320244
vt 0.706518 0.287689
vt 0.537699 0.261954
vt 0.706518 0.261954
vt 0.533792 0.140952
vt 0.501951 0.170773
vt 0.501951 0.140952
vt 0.536637 0.205257
vt 0.566458 0.235079
vt 0.566458 0.205257
vt 0.533792 0.237925
vt 0.501951 0.267746
vt 0.501951 0.237925
vt 0.533792 0.235079
vt 0.501951 0.205257
vt 0.533792 0.205257
vt 0.533792 0.202999
vt 0.501951 0.173178
vt 0.533792 0.173178
vt 0.706518 0.322978
vt 0.537699 0.348713
vt 0.537699 0.322978
vt 0.537699 0.287689
vt 0.706518 0.348713
vt 0.502140 0.135149
vt 0.550328 0.161947
vt 0.631824 0.156188
vt 0.502142 0.135149
vt 0.631826 0.156186
vt 0.550329 0.161946
vt 0.754646 0.181257
vt 0.767485 0.001952
vt 0.862861 0.001952
vt 0.502028 0.002490
vt 0.961591 0.114914
vt 0.900255 0.325048
vt 0.975511 0.163189
vt 0.925697 0.139951
vt 0.818514 0.227558
vt 0.900256 0.473920
vt 0.825232 0.375295
vt 0.841630 0.394574
vt 0.841601 0.492903
vt 0.766638 0.492903
vt 0.896346 0.364006
vt 0.854795 0.364006
vt 0.551030 0.384360
vt 0.541184 0.390045
vt 0.521492 0.390046
vt 0.511646 0.384360
vt 0.511646 0.372991
vt 0.521492 0.355937
vt 0.531338 0.350253
vt 0.541184 0.355937
vt 0.551030 0.372991
vt 0.755901 0.324953
vt 0.554936 0.454015
vt 0.709014 0.320244
vt 0.509706 0.320244
vt 0.533792 0.170773
vt 0.536637 0.235079
vt 0.533792 0.267746
vt 0.501951 0.235079
vt 0.501951 0.202999
vt 0.043956 0.316612
vt 0.165299 0.251878
vt 0.165299 0.316612
vt 0.198736 0.124385
vt 0.053500 0.090425
vt 0.198736 0.090425
vt 0.036162 0.163404
vt 0.198736 0.163404
vt 0.165299 0.249349
vt 0.198736 0.087896
vt 0.053500 0.087896
vt 0.165299 0.001951
vt 0.267378 0.001955
vt 0.202643 0.055729
vt 0.202643 0.001955
vt 0.387737 0.160388
vt 0.351181 0.002303
vt 0.412943 0.065280
vt 0.412943 0.065280
vt 0.010727 0.102934
vt 0.014820 0.169751
vt 0.009086 0.171614
vt 0.009086 0.004538
vt 0.016461 0.101071
vt 0.052762 0.126914
vt 0.198736 0.160876
vt 0.198736 0.126914
vt 0.267378 0.058947
vt 0.235011 0.113057
vt 0.202643 0.058947
vt 0.277550 0.001993
vt 0.338313 0.050162
vt 0.271296 0.050198
vt 0.422840 0.003928
vt 0.416987 0.218676
vt 0.416987 0.002489
vt 0.280075 0.108077
vt 0.271296 0.053417
vt 0.338313 0.053381
vt 0.026617 0.251878
vt 0.198736 0.207234
vt 0.198736 0.044066
vt 0.422839 0.220115
vt 0.315643 0.120879
vt 0.018756 0.320950
vt 0.038454 0.401498
vt 0.097384 0.401499
vt 0.498032 0.018954
vt 0.463978 0.154464
vt 0.463977 0.018954
vt 0.427999 0.312392
vt 0.452078 0.261284
vt 0.452076 0.308448
vt 0.426751 0.034011
vt 0.426751 0.154464
vt 0.309789 0.215161
vt 0.347016 0.213006
vt 0.347016 0.232704
vt 0.492807 0.278882
vt 0.455582 0.308502
vt 0.455581 0.261339
vt 0.485964 0.224953
vt 0.455622 0.258209
vt 0.444812 0.224953
vt 0.492851 0.311578
vt 0.455626 0.335976
vt 0.455625 0.311579
vt 0.236620 0.215161
vt 0.199393 0.213006
vt 0.236620 0.197950
vt 0.239551 0.474497
vt 0.199395 0.428008
vt 0.239551 0.393953
vt 0.122174 0.474497
vt 0.195341 0.428008
vt 0.195341 0.474497
vt 0.350924 0.416745
vt 0.424095 0.416745
vt 0.461323 0.463236
vt 0.463978 0.220239
vt 0.424095 0.224952
vt 0.350924 0.224952
vt 0.309789 0.291633
vt 0.199393 0.389735
vt 0.236620 0.291633
vt 0.036162 0.160876
vt 0.498032 0.210737
vt 0.428002 0.235922
vt 0.199395 0.474497
vt 0.063817 0.425576
vt 0.052762 0.124385
vt 0.026617 0.249349
vt 0.002342 0.207234
vt 0.019681 0.044066
vt 0.043956 0.001951
vt 0.267378 0.055729
vt 0.351181 0.218538
vt 0.351181 0.218538
vt 0.014820 0.002675
vt 0.267378 0.102776
vt 0.202643 0.102776
vt 0.344567 0.001956
vt 0.347092 0.108041
vt 0.195489 0.401499
vt 0.195489 0.355007
vt 0.139214 0.320951
vt 0.018756 0.401498
vt 0.093438 0.425576
vt 0.309789 0.197950
vt 0.492808 0.308501
vt 0.496775 0.258209
vt 0.492851 0.335975
vt 0.199393 0.232704
vt 0.199395 0.393953
vt 0.122174 0.428008
vt 0.461323 0.416745
vt 0.313696 0.463236
vt 0.313696 0.416745
vt 0.426751 0.220239
vt 0.347016 0.291633
vt 0.347016 0.389735
vt 0.199393 0.291633
vt 0.129647 0.828284
vt 0.027620 0.848930
vt 0.027620 0.828284
vt 0.129647 0.793585
vt 0.027620 0.825609
vt 0.027620 0.793585
vt 0.129647 0.825609
vt 0.024555 0.793585
vt 0.003908 0.825609
vt 0.003908 0.793585
vt 0.153306 0.825609
vt 0.132660 0.793585
vt 0.153306 0.793585
vt 0.129647 0.769956
vt 0.027620 0.790602
vt 0.027620 0.769956
vt 0.024555 0.825609
vt 0.132660 0.825609
vt 0.129647 0.790602
vt 0.185370 0.885173
vt 0.084531 0.865955
vt 0.185370 0.865957
vt 0.562834 0.885178
vt 0.236410 0.865958
vt 0.562834 0.865963
vt 0.081148 0.865955
vt 0.050423 0.885171
vt 0.050423 0.865955
vt 0.233962 0.965840
vt 0.044115 0.985045
vt 0.044117 0.965828
vt 0.233389 0.885173
vt 0.188392 0.865957
vt 0.233389 0.865958
vt 0.224608 0.909770
vt 0.185034 0.888353
vt 0.234025 0.962700
vt 0.582776 0.944937
vt 0.601992 0.899772
vt 0.601992 0.944937
vt 0.003911 0.922154
vt 0.023125 0.966422
vt 0.003908 0.966420
vt 0.047402 0.865955
vt 0.007048 0.885171
vt 0.007049 0.865953
vt 0.590887 0.965861
vt 0.273240 0.985057
vt 0.273242 0.965842
vt 0.236983 0.965840
vt 0.270219 0.985057
vt 0.236982 0.985056
vt 0.309939 0.796955
vt 0.227092 0.801137
vt 0.227092 0.796963
vt 0.199998 0.796965
vt 0.161114 0.801142
vt 0.161114 0.796967
vt 0.211462 0.841315
vt 0.227092 0.804158
vt 0.287776 0.860561
vt 0.227092 0.804644
vt 0.211456 0.841798
vt 0.287766 0.861058
vt 0.516102 0.714761
vt 0.555678 0.693344
vt 0.506685 0.767691
vt 0.690376 0.690178
vt 0.659647 0.670963
vt 0.690374 0.670959
vt 0.506678 0.789951
vt 0.696520 0.770737
vt 0.696520 0.789952
vt 0.138832 0.749715
vt 0.158050 0.714757
vt 0.158049 0.749716
vt 0.506683 0.767690
vt 0.696530 0.767692
vt 0.675077 0.717829
vt 0.504731 0.670981
vt 0.149675 0.690241
vt 0.149673 0.671023
vt 0.656625 0.670963
vt 0.555778 0.690193
vt 0.555776 0.670976
vt 0.552755 0.670976
vt 0.507754 0.690199
vt 0.507752 0.670981
vt 0.699541 0.770737
vt 0.743807 0.789952
vt 0.699541 0.789952
vt 0.733754 0.690172
vt 0.693395 0.670959
vt 0.733753 0.670954
vt 0.467400 0.770735
vt 0.149764 0.789949
vt 0.149764 0.770734
vt 0.503657 0.770735
vt 0.470421 0.789951
vt 0.470421 0.770735
vt 0.035222 0.651955
vt 0.118067 0.656137
vt 0.035222 0.656129
vt 0.184043 0.656142
vt 0.145161 0.651965
vt 0.184043 0.651967
vt 0.118067 0.659158
vt 0.133697 0.696313
vt 0.057386 0.715559
vt 0.118069 0.659159
vt 0.133704 0.696311
vt 0.145161 0.659156
vt 0.145161 0.656139
vt 0.989116 0.660156
vt 0.898154 0.660162
vt 0.988063 0.646363
vt 0.751623 0.758456
vt 0.975106 0.744622
vt 0.975106 0.758456
vt 0.984930 0.632888
vt 0.751623 0.744622
vt 0.975106 0.730787
vt 0.979790 0.620044
vt 0.751623 0.730787
vt 0.975106 0.716953
vt 0.972762 0.608128
vt 0.751623 0.827627
vt 0.975106 0.813793
vt 0.975106 0.827627
vt 0.972770 0.712185
vt 0.979796 0.700269
vt 0.751623 0.813793
vt 0.975106 0.799958
vt 0.984933 0.687425
vt 0.751623 0.799958
vt 0.975106 0.786124
vt 0.988065 0.673950
vt 0.751623 0.772290
vt 0.975106 0.772290
vt 0.743814 0.812367
vt 0.710048 0.793952
vt 0.743814 0.793952
vt 0.607617 0.793952
vt 0.641383 0.812367
vt 0.607617 0.812367
vt 0.730916 0.839250
vt 0.644495 0.815478
vt 0.706936 0.815478
vt 0.644495 0.812367
vt 0.706936 0.793952
vt 0.706936 0.812367
vt 0.759046 0.712460
vt 0.821694 0.694046
vt 0.821694 0.712460
vt 0.758889 0.685724
vt 0.845304 0.661956
vt 0.821326 0.690846
vt 0.722172 0.712460
vt 0.755935 0.694046
vt 0.755935 0.712460
vt 0.824805 0.694046
vt 0.862349 0.712460
vt 0.824805 0.712460
vt 0.598421 0.863677
vt 0.589051 0.873855
vt 0.559791 0.837520
vt 0.606443 0.837517
vt 0.604393 0.851198
vt 0.604392 0.823837
vt 0.589049 0.801181
vt 0.598419 0.811359
vt 0.577110 0.880837
vt 0.577106 0.794199
vt 0.620515 0.839250
vt 0.869259 0.559983
vt 0.853088 0.590230
vt 0.853086 0.559983
vt 0.143237 0.569749
vt 0.111967 0.589094
vt 0.107693 0.569746
vt 0.697122 0.578460
vt 0.697122 0.626988
vt 0.647115 0.592461
vt 0.637831 0.565814
vt 0.591974 0.549630
vt 0.637834 0.549641
vt 0.113463 0.565692
vt 0.095892 0.549513
vt 0.113473 0.549516
vt 0.682319 0.517335
vt 0.645516 0.533511
vt 0.645512 0.517337
vt 0.822804 0.641376
vt 0.866177 0.657553
vt 0.822802 0.657552
vt 0.790436 0.517326
vt 0.685756 0.533509
vt 0.685756 0.517335
vt 0.056432 0.647099
vt 0.018147 0.639015
vt 0.056432 0.630925
vt 0.664810 0.641371
vt 0.713335 0.657547
vt 0.664810 0.657545
vt 0.588537 0.549630
vt 0.117028 0.565692
vt 0.117038 0.549516
vt 0.146218 0.570628
vt 0.154307 0.570628
vt 0.154307 0.588206
vt 0.175617 0.574885
vt 0.158038 0.592461
vt 0.158038 0.574885
vt 0.043729 0.626350
vt 0.103249 0.570242
vt 0.109100 0.589175
vt 0.869266 0.637037
vt 0.853088 0.593667
vt 0.869262 0.593667
vt 0.836317 0.533497
vt 0.793873 0.517326
vt 0.836315 0.517323
vt 0.092451 0.565686
vt 0.074875 0.565682
vt 0.074878 0.557595
vt 0.574578 0.589375
vt 0.615073 0.573201
vt 0.615073 0.589375
vt 0.175617 0.592461
vt 0.647115 0.626988
vt 0.716772 0.641373
vt 0.819365 0.657552
vt 0.716772 0.657547
vt 0.618510 0.589375
vt 0.643513 0.573201
vt 0.643516 0.589375
vt 0.849401 0.621833
vt 0.819153 0.621833
vt 0.819153 0.578460
vt 0.641317 0.651053
vt 0.660751 0.667229
vt 0.641317 0.667229
vt 0.643587 0.630876
vt 0.643591 0.647050
vt 0.623842 0.651053
vt 0.573835 0.667229
vt 0.573835 0.651053
vt 0.559801 0.651053
vt 0.570399 0.667229
vt 0.559801 0.667229
vt 0.637880 0.667229
vt 0.627279 0.651053
vt 0.637880 0.651053
vt 0.638323 0.501953
vt 0.524325 0.512785
vt 0.524325 0.501953
vt 0.638323 0.515362
vt 0.524325 0.532686
vt 0.524325 0.515362
vt 0.638323 0.535264
vt 0.524325 0.546096
vt 0.524325 0.535264
vt 0.898322 0.608169
vt 0.876655 0.616127
vt 0.878157 0.608169
vt 0.887147 0.579652
vt 0.876655 0.600211
vt 0.872354 0.593351
vt 0.887149 0.636685
vt 0.872354 0.622988
vt 0.903572 0.592821
vt 0.962765 0.608276
vt 0.901587 0.608279
vt 0.903575 0.623736
vt 0.909402 0.638191
vt 0.909398 0.578367
vt 0.697122 0.637587
vt 0.059963 0.626988
vt 0.715553 0.546601
vt 0.716560 0.578460
vt 0.143236 0.589098
vt 0.004598 0.626346
vt 0.664271 0.898181
vt 0.644537 0.882157
vt 0.664271 0.866134
vt 0.637633 0.857261
vt 0.641516 0.882157
vt 0.617899 0.873284
vt 0.724863 0.843952
vt 0.664271 0.863113
vt 0.647859 0.843952
vt 0.740983 0.831955
vt 0.769289 0.861506
vt 0.740983 0.861506
vt 0.889892 0.935031
vt 0.773210 0.905480
vt 0.889892 0.905480
vt 0.741001 0.866134
vt 0.720449 0.898182
vt 0.720449 0.866134
vt 0.770189 0.935031
vt 0.737976 0.905480
vt 0.770189 0.905480
vt 0.875028 0.831955
vt 0.905325 0.861506
vt 0.875028 0.861506
vt 0.892913 0.905480
vt 0.909413 0.935031
vt 0.892913 0.935031
vt 0.772310 0.831955
vt 0.872007 0.861506
vt 0.772310 0.861506
vt 0.657964 0.977878
vt 0.830712 0.938956
vt 0.848532 0.952763
vt 0.968964 0.976793
vt 0.991183 0.980592
vt 0.968964 0.984394
vt 0.748771 0.969976
vt 0.748772 0.991237
vt 0.688247 0.980609
vt 0.773137 0.902344
vt 0.872007 0.864527
vt 0.889253 0.890864
vt 0.917226 0.925024
vt 0.933806 0.947264
vt 0.917226 0.947263
vt 0.936827 0.922004
vt 0.959067 0.857215
vt 0.959067 0.922004
vt 0.933807 0.854194
vt 0.917227 0.831954
vt 0.933807 0.831955
vt 0.962088 0.922004
vt 0.978669 0.857215
vt 0.978668 0.922004
vt 0.917226 0.922003
vt 0.933807 0.857215
vt 0.933806 0.922004
vt 0.772310 0.864527
vt 0.044178 0.962698
vt 0.065633 0.912836
vt 0.129647 0.848930
vt 0.084531 0.885171
vt 0.236410 0.885173
vt 0.081148 0.885171
vt 0.233961 0.985056
vt 0.188391 0.885173
vt 0.026374 0.922170
vt 0.261985 0.944729
vt 0.579629 0.944730
vt 0.551032 0.909772
vt 0.084195 0.888353
vt 0.582776 0.899772
vt 0.023128 0.922155
vt 0.047402 0.885171
vt 0.590885 0.985076
vt 0.270221 0.965842
vt 0.309939 0.801130
vt 0.199998 0.801139
vt 0.199998 0.804161
vt 0.199998 0.804642
vt 0.714342 0.727164
vt 0.696536 0.767693
vt 0.675083 0.717829
vt 0.478724 0.749720
vt 0.161070 0.749716
vt 0.161071 0.714757
vt 0.656519 0.693345
vt 0.659649 0.690181
vt 0.506678 0.770735
vt 0.138833 0.714756
vt 0.656514 0.693346
vt 0.555675 0.693345
vt 0.516100 0.714762
vt 0.161077 0.714757
vt 0.478723 0.749720
vt 0.161077 0.749716
vt 0.714336 0.727163
vt 0.504733 0.690199
vt 0.656627 0.690181
vt 0.552757 0.690193
vt 0.743807 0.770737
vt 0.693397 0.690178
vt 0.467400 0.789951
vt 0.503657 0.789951
vt 0.118069 0.651962
vt 0.145161 0.659160
vt 0.057395 0.715571
vt 0.751623 0.716953
vt 0.751623 0.786124
vt 0.710048 0.812367
vt 0.641383 0.793952
vt 0.644495 0.793952
vt 0.759046 0.694046
vt 0.734912 0.661953
vt 0.722172 0.694046
vt 0.862349 0.694046
vt 0.869262 0.590230
vt 0.647118 0.637587
vt 0.647115 0.546601
vt 0.672119 0.546601
vt 0.591969 0.565805
vt 0.095887 0.565686
vt 0.682319 0.533509
vt 0.866174 0.641379
vt 0.790436 0.533500
vt 0.713335 0.641373
vt 0.588532 0.565805
vt 0.853091 0.637039
vt 0.793873 0.533500
vt 0.074881 0.549508
vt 0.092455 0.549513
vt 0.574578 0.573201
vt 0.126768 0.592461
vt 0.819367 0.641376
vt 0.618510 0.573201
vt 0.716560 0.626988
vt 0.820232 0.546601
vt 0.849401 0.578463
vt 0.660751 0.651053
vt 0.623842 0.667229
vt 0.570399 0.651053
vt 0.627279 0.667229
vt 0.638323 0.512785
vt 0.638323 0.532686
vt 0.638323 0.546096
vt 0.895429 0.623482
vt 0.895428 0.592855
vt 0.849402 0.578463
vt 0.717427 0.866134
vt 0.717427 0.898182
vt 0.661250 0.866134
vt 0.717427 0.863113
vt 0.769289 0.831955
vt 0.773210 0.935031
vt 0.741000 0.898182
vt 0.737976 0.935031
vt 0.905325 0.831955
vt 0.909413 0.905480
vt 0.872007 0.831955
vt 0.610413 0.938954
vt 0.749167 0.880824
vt 0.899267 0.877749
vt 0.933806 0.925025
vt 0.936828 0.857215
vt 0.917227 0.854194
vt 0.962088 0.857215
vt 0.917227 0.857215
s 1
usemtl 00-ROUGE
f 10/4/7 11/5/7 9/6/7
f 46/7/8 15/8/8 45/9/8
f 16/10/9 13/11/9 15/12/9
f 48/13/10 9/14/10 47/15/10
f 37/16/11 29/17/11 33/18/11
f 47/19/11 9/20/11 45/21/11
f 41/22/12 56/23/12 42/24/12
f 21/25/13 42/26/13 22/27/13
f 52/28/14 23/29/14 25/30/14
f 23/31/15 49/32/15 27/33/15
f 26/34/16 23/35/16 24/36/16
f 28/37/17 24/38/17 27/39/17
f 38/40/10 32/41/10 39/42/10
f 35/43/9 32/44/9 31/45/9
f 34/46/7 29/47/7 30/48/7
f 40/16/17 39/49/17 36/50/17
f 36/51/18 33/52/18 34/53/18
f 29/54/10 40/55/10 30/56/10
f 37/57/19 39/42/19 40/55/19
f 42/58/17 56/59/17 55/60/17
f 18/61/16 19/62/16 17/63/16
f 44/64/13 55/65/13 56/23/13
f 43/66/20 53/67/20 55/65/20
f 14/68/21 47/69/21 13/70/21
f 12/71/18 45/9/18 11/72/18
f 51/73/22 27/74/22 49/75/22
f 51/76/13 52/77/13 25/78/13
f 51/79/23 50/80/23 52/81/23
f 41/58/11 19/82/11 44/59/11
f 58/83/24 67/84/24 65/85/24
f 71/86/25 61/87/25 68/88/25
f 62/89/26 57/90/26 94/91/26
f 87/92/27 80/93/27 86/94/27
f 74/95/28 59/96/28 66/97/28
f 68/88/29 57/98/29 64/99/29
f 58/100/30 65/101/30 70/102/30
f 66/97/31 63/103/31 71/86/31
f 62/104/32 64/105/32 57/106/32
f 60/107/33 76/108/33 67/84/33
f 70/109/34 67/110/34 76/111/34
f 75/112/34 81/113/34 76/114/34
f 85/115/30 82/116/30 83/117/30
f 74/118/35 113/119/35 127/120/35
f 74/121/34 66/122/34 71/123/34
f 79/124/26 78/125/26 73/126/26
f 99/127/27 76/108/27 97/128/27
f 85/115/30 69/129/30 70/102/30
f 89/130/36 99/131/36 97/132/37
f 72/133/38 92/134/38 73/126/38
f 78/125/39 94/135/39 77/136/39
f 78/125/40 96/137/40 95/138/40
f 72/133/41 94/135/41 93/139/41
f 89/130/42 98/140/42 99/131/42
f 73/126/43 92/134/44 91/141/45
f 115/142/46 81/143/46 87/144/46
f 85/145/24 76/146/24 115/147/24
f 98/148/46 127/120/46 80/149/46
f 109/150/47 74/151/47 69/152/47
f 100/110/26 85/109/26 115/111/26
f 114/112/26 87/113/26 86/153/26
f 109/154/26 106/155/26 110/123/26
f 100/84/24 82/83/24 84/85/24
f 104/87/25 110/86/25 108/88/25
f 123/91/34 122/156/34 101/90/34
f 107/97/28 88/157/28 113/95/28
f 101/98/29 108/88/29 106/99/29
f 105/103/31 107/97/31 110/86/31
f 106/105/32 83/104/32 101/106/32
f 115/108/33 103/107/33 100/84/33
f 120/158/34 112/159/34 118/160/34
f 115/108/27 128/127/27 126/128/27
f 126/161/48 128/162/49 119/163/48
f 121/164/50 111/165/50 112/159/50
f 123/166/51 117/167/51 116/168/51
f 117/167/52 125/169/52 118/160/52
f 111/165/53 123/166/53 116/168/53
f 119/163/54 127/170/54 120/158/54
f 88/171/55 121/164/56 112/159/57
f 20/172/15 18/173/15 17/174/15
f 48/175/17 14/176/58 46/177/58
f 21/178/59 54/179/59 20/180/59
f 131/5/60 130/4/60 129/6/60
f 135/8/61 166/7/61 165/9/61
f 133/11/62 136/10/62 135/12/62
f 129/14/63 168/13/63 167/15/63
f 157/16/64 158/49/64 155/50/64
f 133/181/64 135/182/64 165/21/64
f 176/23/65 161/22/65 162/24/65
f 162/26/66 141/25/66 142/27/66
f 143/29/67 172/28/67 145/30/67
f 169/32/68 170/183/68 143/31/68
f 143/35/69 146/34/69 144/36/69
f 144/38/70 148/37/70 147/39/70
f 152/41/63 158/40/63 159/42/63
f 152/44/62 155/43/62 151/45/62
f 149/47/60 154/46/60 150/48/60
f 160/16/70 150/17/70 154/18/70
f 153/52/71 156/51/71 154/53/71
f 160/55/63 149/54/63 150/56/63
f 159/42/72 157/57/72 160/55/72
f 174/184/70 138/185/70 162/58/70
f 139/62/69 138/61/69 137/63/69
f 175/65/66 164/64/66 176/23/66
f 173/67/73 163/66/73 175/65/73
f 167/69/74 134/68/74 133/70/74
f 165/9/71 132/71/71 131/72/71
f 147/74/75 171/73/75 169/75/75
f 145/78/66 171/76/66 148/186/66
f 170/80/76 171/79/76 172/81/76
f 140/184/64 141/187/64 161/58/64
f 187/84/77 178/83/77 185/85/77
f 181/87/78 191/86/78 188/88/78
f 206/91/79 205/156/79 177/90/79
f 195/93/80 214/92/80 213/94/80
f 186/97/81 203/157/81 192/95/81
f 177/98/82 188/88/83 184/99/82
f 190/102/84 178/100/84 182/188/84
f 183/103/85 186/97/85 191/86/85
f 184/105/86 182/104/86 177/106/86
f 194/108/87 180/107/87 187/84/88
f 187/110/89 190/109/89 194/111/89
f 193/112/89 196/113/89 195/153/89
f 197/116/84 199/189/84 200/115/84
f 224/119/90 192/118/90 210/148/90
f 189/154/89 184/155/89 191/123/89
f 194/108/80 241/127/80 209/128/80
f 189/129/84 200/115/84 190/102/84
f 196/143/91 226/142/92 214/144/92
f 194/146/93 200/145/93 226/147/93
f 210/148/92 213/190/92 202/120/92
f 192/151/94 212/150/94 189/152/94
f 200/109/79 221/110/79 226/111/79
f 225/112/79 214/113/79 226/114/79
f 224/121/79 220/122/79 223/123/79
f 197/83/93 221/84/77 199/85/93
f 223/86/78 218/87/78 222/88/78
f 198/89/89 215/90/89 229/91/89
f 201/157/81 220/97/81 224/95/81
f 222/88/83 215/98/83 211/99/83
f 220/97/85 219/103/85 223/86/85
f 198/104/86 211/105/86 215/106/86
f 217/107/87 226/108/87 221/84/87
f 233/127/80 226/108/80 232/128/80
f 138/173/68 140/172/68 137/174/68
f 130/191/70 132/192/70 166/177/70
f 174/179/95 141/178/95 140/180/95
f 240/158/79 235/159/79 238/160/79
f 239/163/96 210/170/96 240/158/96
f 209/161/97 241/162/97 239/163/97
f 206/166/98 237/167/98 236/168/98
f 237/167/99 208/169/99 238/160/99
f 204/164/100 234/165/100 235/159/100
f 203/171/101 204/164/102 235/159/103
f 234/165/104 206/166/104 236/168/104
f 246/160/89 245/167/89 243/159/89
f 247/163/105 233/162/105 232/161/106
f 242/165/107 227/164/107 243/159/107
f 245/167/108 229/166/108 244/168/108
f 245/167/109 231/169/109 230/193/109
f 242/165/110 229/166/110 228/194/110
f 247/163/111 202/170/111 233/162/111
f 243/159/112 227/164/113 201/171/114
f 10/4/7 12/195/7 11/5/7
f 46/7/8 16/196/8 15/8/8
f 16/10/9 14/197/9 13/11/9
f 48/13/10 10/198/10 9/14/10
f 33/18/11 35/50/11 37/16/11
f 35/50/11 31/199/11 38/49/11
f 37/16/11 35/50/11 38/49/11
f 9/20/11 11/200/11 45/21/11
f 45/21/11 15/182/11 13/181/11
f 13/181/11 47/19/11 45/21/11
f 41/22/12 44/64/12 56/23/12
f 21/25/13 41/201/13 42/26/13
f 52/28/14 50/202/14 23/29/14
f 27/33/15 24/203/15 23/31/15
f 23/31/15 50/183/15 49/32/15
f 26/34/16 25/204/16 23/35/16
f 28/37/17 26/205/17 24/38/17
f 38/40/10 31/206/10 32/41/10
f 35/43/9 36/207/9 32/44/9
f 34/46/7 33/208/7 29/47/7
f 32/199/17 36/50/17 39/49/17
f 36/50/17 34/18/17 40/16/17
f 34/18/17 30/17/17 40/16/17
f 36/51/18 35/209/18 33/52/18
f 29/54/10 37/57/10 40/55/10
f 37/57/19 38/40/19 39/42/19
f 55/60/17 53/82/17 42/58/17
f 53/82/17 18/185/17 42/58/17
f 18/185/17 54/184/17 42/58/17
f 54/184/17 22/187/17 42/58/17
f 18/61/16 53/210/16 19/62/16
f 44/64/13 43/66/13 55/65/13
f 43/66/20 19/211/20 53/67/20
f 14/68/21 48/212/21 47/69/21
f 12/71/18 46/7/18 45/9/18
f 51/73/22 28/213/22 27/74/22
f 25/78/13 26/214/13 28/186/13
f 28/186/13 51/76/13 25/78/13
f 51/79/23 49/215/23 50/80/23
f 41/58/11 21/187/11 20/184/11
f 20/184/11 17/185/11 41/58/11
f 17/185/11 19/82/11 41/58/11
f 19/82/11 43/60/11 44/59/11
f 58/83/24 60/107/24 67/84/24
f 71/86/25 63/103/25 61/87/25
f 57/90/26 61/216/26 93/156/26
f 61/216/26 63/217/26 92/218/26
f 63/217/26 59/219/26 92/218/26
f 59/219/26 91/220/26 92/218/26
f 97/221/26 60/222/26 96/223/26
f 60/222/26 58/224/26 95/225/26
f 95/225/26 96/223/26 60/222/26
f 61/216/26 92/218/26 93/156/26
f 95/225/26 58/224/26 62/89/26
f 57/90/26 93/156/26 94/91/26
f 94/91/26 95/225/26 62/89/26
f 87/92/27 81/226/27 80/93/27
f 74/95/28 91/157/28 59/96/28
f 68/88/29 61/87/29 57/98/29
f 70/102/30 69/129/30 62/188/30
f 62/188/30 58/100/30 70/102/30
f 66/97/31 59/96/31 63/103/31
f 62/104/32 69/227/32 64/105/32
f 60/107/33 97/128/33 76/108/33
f 70/109/34 65/228/34 67/110/34
f 75/112/34 80/153/34 81/113/34
f 83/117/30 109/229/30 85/115/30
f 85/115/30 84/189/115 82/116/30
f 113/119/35 88/230/35 127/120/35
f 127/120/35 98/148/35 74/118/35
f 98/148/35 91/231/35 74/118/35
f 71/123/34 68/232/34 64/155/34
f 64/155/34 69/154/34 71/123/34
f 69/154/34 74/121/34 71/123/34
f 77/136/26 72/133/26 78/125/26
f 72/133/26 73/126/26 78/125/26
f 73/126/26 90/233/26 79/124/26
f 90/233/26 89/130/26 79/124/26
f 99/127/27 75/234/27 76/108/27
f 85/115/30 109/229/30 69/129/30
f 96/137/37 79/124/37 97/132/37
f 79/124/37 89/130/36 97/132/37
f 72/133/38 93/139/38 92/134/38
f 78/125/39 95/138/39 94/135/39
f 78/125/40 79/124/40 96/137/40
f 72/133/41 77/136/41 94/135/41
f 89/130/42 90/233/42 98/140/42
f 98/140/116 90/233/117 91/141/45
f 90/233/117 73/126/43 91/141/45
f 115/142/46 76/235/46 81/143/46
f 85/145/24 70/236/24 76/146/24
f 127/120/46 128/237/46 86/190/46
f 128/237/46 114/238/46 86/190/46
f 75/239/46 99/240/46 80/149/46
f 99/240/46 98/148/46 80/149/46
f 127/120/46 86/190/46 80/149/46
f 109/150/47 113/241/47 74/151/47
f 100/110/26 84/228/26 85/109/26
f 114/112/26 115/114/26 87/113/26
f 106/155/26 108/232/26 110/123/26
f 110/123/26 107/122/26 113/121/26
f 113/121/26 109/154/26 110/123/26
f 100/84/24 103/107/24 82/83/24
f 104/87/25 105/103/25 110/86/25
f 82/224/34 103/222/34 124/225/34
f 103/222/34 126/221/34 125/223/34
f 124/225/34 103/222/34 125/223/34
f 105/217/34 104/216/34 121/218/34
f 104/216/34 101/90/34 122/156/34
f 121/218/34 104/216/34 122/156/34
f 88/220/118 102/219/118 121/218/34
f 102/219/118 105/217/34 121/218/34
f 83/89/34 82/224/34 124/225/34
f 83/89/34 124/225/34 123/91/34
f 83/89/34 123/91/34 101/90/34
f 107/97/28 102/96/28 88/157/28
f 101/98/29 104/87/29 108/88/29
f 105/103/31 102/96/31 107/97/31
f 106/105/32 109/227/32 83/104/32
f 115/108/33 126/128/33 103/107/33
f 112/159/34 111/165/34 117/167/34
f 111/165/34 116/168/34 117/167/34
f 117/167/34 118/160/34 112/159/34
f 118/160/34 119/163/34 120/158/34
f 115/108/27 114/234/27 128/127/27
f 119/163/48 118/160/48 126/161/48
f 118/160/48 125/169/49 126/161/48
f 121/164/50 122/194/50 111/165/50
f 123/166/51 124/193/51 117/167/51
f 117/167/52 124/193/52 125/169/52
f 111/165/53 122/194/53 123/166/53
f 119/163/54 128/162/54 127/170/54
f 112/159/57 120/158/119 88/171/55
f 120/158/119 127/170/120 88/171/55
f 20/172/15 54/242/15 18/173/15
f 14/176/58 16/243/58 46/177/58
f 46/177/58 12/192/17 10/191/17
f 10/191/17 48/175/17 46/177/58
f 21/178/59 22/244/59 54/179/59
f 131/5/60 132/195/60 130/4/60
f 135/8/61 136/196/61 166/7/61
f 133/11/62 134/197/62 136/10/62
f 129/14/63 130/198/63 168/13/63
f 151/199/64 155/50/64 158/49/64
f 155/50/64 153/18/64 157/16/64
f 153/18/64 149/17/64 157/16/64
f 165/21/64 131/200/64 129/20/64
f 129/20/64 167/19/64 165/21/64
f 167/19/64 133/181/64 165/21/64
f 176/23/65 164/64/65 161/22/65
f 162/26/66 161/201/66 141/25/66
f 143/29/67 170/202/67 172/28/67
f 143/31/68 144/203/68 147/33/68
f 147/33/68 169/32/68 143/31/68
f 143/35/69 145/204/69 146/34/69
f 144/38/70 146/205/70 148/37/70
f 152/41/63 151/206/63 158/40/63
f 152/44/62 156/207/62 155/43/62
f 149/47/60 153/208/60 154/46/60
f 154/18/70 156/50/70 160/16/70
f 156/50/70 152/199/70 159/49/70
f 160/16/70 156/50/70 159/49/70
f 153/52/71 155/209/71 156/51/71
f 160/55/63 157/57/63 149/54/63
f 159/42/72 158/40/72 157/57/72
f 138/185/70 173/82/70 162/58/70
f 173/82/70 175/60/70 162/58/70
f 175/60/70 176/59/70 162/58/70
f 162/58/70 142/187/70 174/184/70
f 139/62/69 173/210/69 138/61/69
f 175/65/66 163/66/66 164/64/66
f 173/67/73 139/211/73 163/66/73
f 167/69/74 168/212/74 134/68/74
f 165/9/71 166/7/71 132/71/71
f 147/74/75 148/213/75 171/73/75
f 148/186/66 146/214/66 145/78/66
f 145/78/66 172/77/66 171/76/66
f 170/80/76 169/215/76 171/79/76
f 161/58/64 164/59/64 163/60/64
f 163/60/64 139/82/64 161/58/64
f 139/82/64 137/185/64 161/58/64
f 137/185/64 140/184/64 161/58/64
f 187/84/77 180/107/77 178/83/77
f 181/87/78 183/103/78 191/86/78
f 178/224/79 180/222/79 207/225/79
f 180/222/79 209/221/79 208/223/79
f 207/225/79 180/222/79 208/223/79
f 183/217/79 181/216/79 204/218/79
f 181/216/79 177/90/79 205/156/79
f 204/218/79 181/216/79 205/156/79
f 203/220/79 179/219/79 204/218/79
f 179/219/79 183/217/79 204/218/79
f 182/89/79 178/224/79 207/225/79
f 182/89/79 207/225/79 206/91/79
f 182/89/79 206/91/79 177/90/79
f 195/93/80 196/226/80 214/92/80
f 186/97/81 179/96/81 203/157/81
f 177/98/82 181/87/83 188/88/83
f 182/188/84 189/129/84 190/102/84
f 190/102/84 185/101/84 178/100/84
f 183/103/85 179/96/85 186/97/85
f 184/105/86 189/227/86 182/104/86
f 194/108/87 209/128/87 180/107/87
f 187/110/89 185/228/89 190/109/89
f 193/112/89 194/114/89 196/113/89
f 200/115/84 212/229/84 198/117/84
f 198/117/84 197/116/84 200/115/84
f 192/118/90 203/231/90 210/148/90
f 210/148/90 202/120/90 224/119/90
f 202/120/90 201/230/90 224/119/90
f 184/155/89 188/232/89 191/123/89
f 191/123/89 186/122/89 192/121/89
f 192/121/89 189/154/89 191/123/89
f 194/108/80 193/234/80 241/127/80
f 189/129/84 212/229/84 200/115/84
f 196/143/91 194/235/91 226/142/92
f 194/146/93 190/236/93 200/145/93
f 210/148/92 241/240/92 195/149/92
f 241/240/92 193/239/91 195/149/92
f 225/238/91 233/237/91 213/190/92
f 233/237/91 202/120/92 213/190/92
f 210/148/92 195/149/92 213/190/92
f 192/151/94 224/241/94 212/150/94
f 200/109/79 199/228/79 221/110/79
f 225/112/79 213/153/79 214/113/79
f 223/123/79 222/232/79 211/155/79
f 211/155/79 212/154/79 223/123/79
f 212/154/79 224/121/79 223/123/79
f 197/83/93 217/107/77 221/84/77
f 223/86/78 219/103/78 218/87/78
f 215/90/89 218/216/89 228/156/89
f 218/216/89 219/217/89 227/218/89
f 219/217/89 216/219/89 227/218/89
f 216/219/89 201/220/89 227/218/89
f 232/221/89 217/222/89 231/223/89
f 217/222/89 197/224/89 230/225/89
f 230/225/89 231/223/89 217/222/89
f 218/216/89 227/218/89 228/156/89
f 230/225/89 197/224/89 198/89/89
f 215/90/89 228/156/89 229/91/89
f 229/91/89 230/225/89 198/89/89
f 201/157/81 216/96/81 220/97/81
f 222/88/83 218/87/83 215/98/83
f 220/97/85 216/96/85 219/103/85
f 198/104/86 212/227/86 211/105/86
f 217/107/87 232/128/87 226/108/87
f 233/127/80 225/234/80 226/108/80
f 138/173/68 174/242/68 140/172/68
f 166/177/70 136/243/70 134/176/70
f 134/176/70 168/175/70 166/177/70
f 168/175/70 130/191/70 166/177/70
f 174/179/95 142/244/95 141/178/95
f 235/159/79 234/165/79 237/167/79
f 234/165/79 236/168/79 237/167/79
f 237/167/79 238/160/79 235/159/79
f 238/160/79 239/163/79 240/158/79
f 239/163/96 241/162/96 210/170/96
f 239/163/97 238/160/97 209/161/97
f 238/160/97 208/169/97 209/161/97
f 206/166/98 207/193/98 237/167/98
f 237/167/99 207/193/99 208/169/99
f 204/164/100 205/194/100 234/165/100
f 235/159/103 240/158/121 203/171/101
f 240/158/121 210/170/122 203/171/101
f 234/165/104 205/194/104 206/166/104
f 244/168/89 242/165/89 245/167/89
f 242/165/89 243/159/89 245/167/89
f 243/159/89 248/158/89 246/160/89
f 248/158/89 247/163/89 246/160/89
f 231/169/106 246/160/106 232/161/106
f 246/160/106 247/163/105 232/161/106
f 242/165/107 228/194/107 227/164/107
f 245/167/108 230/193/108 229/166/108
f 245/167/109 246/160/109 231/169/109
f 242/165/110 244/168/110 229/166/110
f 247/163/111 248/158/111 202/170/111
f 202/170/123 248/158/124 201/171/114
f 248/158/124 243/159/112 201/171/114
f 251/245/125 256/246/125 253/247/125
f 326/248/126 325/249/127 260/250/128
f 266/251/129 255/252/129 268/253/129
f 270/254/130 266/251/130 268/253/130
f 249/255/131 251/256/131 250/257/131
f 265/258/132 270/259/132 267/260/132
f 310/261/133 258/262/134 276/263/135
f 279/264/136 286/265/137 283/266/137
f 282/267/138 280/268/138 281/269/138
f 290/270/139 287/271/139 288/272/139
f 292/273/125 289/274/125 290/275/125
f 294/276/140 291/277/140 292/278/140
f 296/279/141 293/280/141 294/276/141
f 288/281/142 296/282/142 294/283/142
f 295/284/143 288/285/143 287/286/143
f 322/287/144 317/288/145 325/289/146
f 326/248/126 276/290/147 258/291/148
f 277/292/149 278/293/150 297/294/151
f 278/293/150 275/295/152 297/294/151
f 275/295/152 276/290/147 297/294/151
f 275/296/153 312/297/153 309/298/153
f 303/299/154 300/300/154 299/301/154
f 267/260/139 250/257/139 265/258/139
f 271/302/155 256/246/155 273/303/155
f 252/304/155 274/305/155 255/252/155
f 272/306/156 273/307/156 274/305/156
f 308/308/157 310/309/157 305/310/157
f 275/311/158 310/312/159 276/313/160
f 278/314/161 311/315/162 312/316/161
f 326/248/126 277/292/149 297/294/151
f 324/317/163 313/318/164 316/319/165
f 306/320/166 319/321/166 318/322/166
f 258/291/148 324/323/167 326/248/126
f 324/323/167 325/249/127 326/248/126
f 323/324/168 325/249/169 324/323/170
f 315/325/171 261/326/171 262/327/171
f 280/268/172 285/328/172 281/269/172
f 284/329/173 286/265/137 285/330/173
f 323/331/174 316/319/165 259/332/175
f 260/333/176 317/288/145 319/334/177
f 260/333/176 311/335/178 277/336/179
f 307/337/180 311/338/180 306/339/180
f 298/340/173 310/341/173 309/342/173
f 262/343/181 322/344/181 320/345/181
f 321/346/182 322/344/182 323/347/182
f 318/322/183 317/348/183 315/325/183
f 257/349/184 323/347/184 259/350/184
f 308/308/185 316/351/186 313/352/185
f 257/353/187 316/351/186 314/354/186
f 307/337/188 309/342/188 312/355/188
f 263/356/189 329/357/189 330/358/189
f 302/359/190 329/360/190 264/361/190
f 301/362/191 303/363/191 299/364/192
f 302/365/193 264/366/193 301/367/193
f 281/368/194 286/369/195 282/370/196
f 345/371/197 346/372/198 351/373/199
f 350/374/200 333/375/201 335/376/202
f 349/374/203 331/377/204 341/378/205
f 332/377/206 333/375/201 350/374/200
f 352/373/207 347/371/208 349/374/203
f 349/374/203 338/376/209 336/375/210
f 337/379/211 352/373/207 342/380/212
f 334/379/213 340/380/214 351/373/199
f 293/283/215 295/282/215 287/281/215
f 362/248/216 354/250/217 361/249/218
f 353/262/219 305/261/220 356/263/221
f 315/288/222 320/287/223 361/289/224
f 356/290/225 362/248/216 353/291/226
f 357/292/227 359/294/228 358/293/229
f 358/293/229 359/294/228 355/295/230
f 355/295/230 359/294/228 356/290/225
f 355/296/231 307/297/231 358/381/231
f 305/312/232 355/311/233 356/313/234
f 358/314/235 306/315/236 357/382/237
f 357/292/227 362/248/216 359/294/228
f 308/318/238 360/317/239 314/319/240
f 353/291/226 362/248/216 360/323/241
f 360/323/241 362/248/216 361/249/218
f 361/249/242 321/324/243 360/323/244
f 314/319/240 321/331/245 257/332/246
f 354/333/247 315/288/222 361/289/224
f 306/335/248 354/333/247 357/336/249
f 283/369/250 280/368/251 279/370/252
f 302/362/253 304/363/253 327/383/253
f 330/360/254 301/359/254 263/361/254
f 363/384/255 366/385/255 365/386/255
f 366/385/256 367/387/256 365/386/256
f 371/388/257 370/389/257 369/390/257
f 373/391/258 372/392/258 371/388/258
f 369/393/259 364/394/259 363/395/259
f 374/396/260 367/387/260 368/397/260
f 366/398/261 374/399/261 368/400/261
f 370/401/261 366/398/261 364/402/261
f 365/398/262 373/399/262 371/403/262
f 365/398/262 369/401/262 363/402/262
f 327/404/263 304/405/263 303/406/263
f 251/245/125 254/407/125 256/246/125
f 266/251/129 252/304/129 255/252/129
f 270/254/130 269/408/130 266/251/130
f 249/255/131 254/409/131 251/256/131
f 265/258/132 269/410/132 270/259/132
f 310/261/133 313/411/264 258/262/134
f 279/264/136 282/412/136 286/265/137
f 282/267/138 279/413/138 280/268/138
f 290/270/139 289/414/139 287/271/139
f 292/273/125 291/415/125 289/274/125
f 294/276/140 293/280/140 291/277/140
f 296/279/141 295/416/141 293/280/141
f 292/417/142 290/418/142 294/283/142
f 290/418/142 288/281/142 294/283/142
f 295/284/143 296/419/143 288/285/143
f 322/287/144 261/420/265 317/288/145
f 326/248/126 297/294/151 276/290/147
f 275/296/153 278/381/153 312/297/153
f 303/299/154 304/421/154 300/300/154
f 267/260/139 249/255/139 250/257/139
f 271/302/155 253/247/155 256/246/155
f 252/304/155 272/306/155 274/305/155
f 272/306/156 271/422/156 273/307/156
f 308/308/157 313/352/157 310/309/157
f 275/311/158 309/423/266 310/312/159
f 278/314/161 277/382/162 311/315/162
f 326/248/126 260/250/128 277/292/149
f 324/317/163 258/424/267 313/318/164
f 306/320/166 311/425/166 319/321/166
f 323/324/168 322/426/268 325/249/169
f 315/325/171 317/348/171 261/326/171
f 280/268/172 284/427/172 285/328/172
f 284/329/173 283/266/137 286/265/137
f 323/331/174 324/317/163 316/319/165
f 260/333/176 325/289/146 317/288/145
f 260/333/176 319/334/177 311/335/178
f 307/337/180 312/355/180 311/338/180
f 298/340/173 305/428/173 310/341/173
f 262/343/181 261/429/181 322/344/181
f 321/346/182 320/345/182 322/344/182
f 318/322/183 319/321/183 317/348/183
f 257/349/184 321/346/184 323/347/184
f 308/308/185 314/354/186 316/351/186
f 257/353/187 259/430/187 316/351/186
f 307/337/188 298/340/188 309/342/188
f 263/356/189 264/431/189 329/357/189
f 302/359/190 327/432/190 329/360/190
f 301/362/191 328/383/191 303/363/191
f 264/366/193 263/433/193 301/367/193
f 301/367/193 299/434/193 300/435/193
f 300/435/193 302/365/193 301/367/193
f 281/368/194 285/436/269 286/369/195
f 346/372/198 334/379/213 351/373/199
f 351/373/199 350/374/200 345/371/197
f 350/374/200 335/376/202 345/371/197
f 342/380/212 352/373/207 344/437/270
f 352/373/207 349/374/203 341/378/205
f 349/374/203 336/375/210 331/377/204
f 341/378/205 344/437/270 352/373/207
f 350/374/200 351/373/199 339/378/271
f 351/373/199 340/380/214 343/437/272
f 339/378/271 351/373/199 343/437/272
f 339/378/271 332/377/206 350/374/200
f 352/373/207 337/379/211 348/372/273
f 348/372/273 347/371/208 352/373/207
f 347/371/208 338/376/209 349/374/203
f 287/281/215 289/418/215 293/283/215
f 289/418/215 291/417/215 293/283/215
f 353/262/219 308/411/274 305/261/220
f 315/288/222 262/420/275 320/287/223
f 356/290/225 359/294/228 362/248/216
f 355/296/231 298/298/231 307/297/231
f 305/312/232 298/423/233 355/311/233
f 358/314/235 307/316/235 306/315/236
f 357/292/227 354/250/217 362/248/216
f 308/318/238 353/424/276 360/317/239
f 361/249/242 320/426/277 321/324/243
f 314/319/240 360/317/239 321/331/245
f 354/333/247 318/334/278 315/288/222
f 306/335/248 318/334/278 354/333/247
f 283/369/250 284/436/279 280/368/251
f 302/362/253 300/364/253 304/363/253
f 330/360/254 328/432/254 301/359/254
f 363/384/255 364/438/255 366/385/255
f 366/385/256 368/397/256 367/387/256
f 371/388/257 372/392/257 370/389/257
f 373/391/258 374/439/258 372/392/258
f 369/393/259 370/440/259 364/394/259
f 374/396/260 373/441/260 367/387/260
f 366/398/261 372/403/261 374/399/261
f 370/401/261 372/403/261 366/398/261
f 365/398/262 367/400/262 373/399/262
f 365/398/262 371/403/262 369/401/262
f 303/406/263 328/442/263 327/404/263
f 328/442/263 330/443/263 327/404/263
f 330/443/263 329/444/263 327/404/263
f 377/245/280 379/247/280 382/246/280
f 447/248/281 386/250/282 446/249/283
f 392/251/284 394/253/284 381/252/284
f 396/254/285 394/253/285 392/251/285
f 375/255/286 376/257/286 377/256/286
f 391/258/287 393/260/287 396/259/287
f 431/261/288 402/263/289 384/262/290
f 405/264/291 409/266/292 412/265/292
f 408/267/293 407/269/293 406/268/293
f 414/270/294 413/272/294 474/271/294
f 415/273/280 414/275/280 475/274/280
f 416/276/295 415/278/295 476/277/295
f 417/279/296 416/276/296 477/280/296
f 413/281/297 416/283/297 417/282/297
f 478/284/298 474/286/298 413/285/298
f 443/287/299 446/289/300 438/288/301
f 447/248/281 384/291/302 402/290/303
f 403/292/304 418/294/305 404/293/306
f 404/293/306 418/294/305 401/295/307
f 401/295/307 418/294/305 402/290/303
f 401/296/308 430/298/308 433/297/308
f 424/299/309 420/301/309 421/300/309
f 393/260/294 391/258/294 376/257/294
f 397/302/310 399/303/310 382/246/310
f 378/304/310 381/252/310 400/305/310
f 398/306/311 400/305/311 399/307/311
f 429/308/312 426/310/312 431/309/312
f 401/311/313 402/313/314 431/312/315
f 404/314/316 433/316/316 432/315/316
f 447/248/281 418/294/305 403/292/304
f 445/317/317 437/319/318 434/318/319
f 427/320/320 439/322/320 440/321/320
f 384/291/302 447/248/281 445/323/321
f 445/323/321 447/248/281 446/249/283
f 444/324/322 445/323/323 446/249/324
f 436/325/325 388/327/325 387/326/325
f 406/268/326 407/269/326 411/328/326
f 410/329/327 411/330/327 412/265/292
f 444/331/328 385/332/329 437/319/318
f 386/333/330 440/334/331 438/288/301
f 386/333/330 403/336/332 432/335/333
f 428/337/334 427/339/334 432/338/334
f 419/340/327 430/342/327 431/341/327
f 388/343/335 441/345/335 443/344/335
f 442/346/336 444/347/336 443/344/336
f 439/322/337 436/325/337 438/348/337
f 383/349/338 385/350/338 444/347/338
f 429/308/339 434/352/339 437/351/340
f 383/353/341 435/354/340 437/351/340
f 428/337/342 433/355/342 430/342/342
f 389/356/343 451/358/343 450/357/343
f 423/359/344 390/361/344 450/360/344
f 422/362/345 420/364/345 424/363/345
f 423/365/346 422/367/346 390/366/346
f 407/368/347 408/370/348 412/369/349
f 466/371/350 472/373/351 467/372/352
f 471/374/353 456/376/354 454/375/355
f 470/374/356 462/378/357 452/377/358
f 453/377/359 471/374/353 454/375/355
f 473/373/360 470/374/356 468/371/361
f 470/374/356 457/375/362 459/376/363
f 458/379/364 463/380/365 473/373/360
f 455/379/366 472/373/351 461/380/367
f 477/283/368 474/281/368 478/282/368
f 488/248/369 487/249/370 480/250/371
f 479/262/372 482/263/373 426/261/374
f 436/288/375 487/289/376 441/287/377
f 482/290/378 479/291/379 488/248/369
f 483/292/380 484/293/381 485/294/382
f 484/293/381 481/295/383 485/294/382
f 481/295/383 482/290/378 485/294/382
f 481/296/384 484/381/384 428/297/384
f 426/312/385 482/313/386 481/311/387
f 484/314/388 483/382/389 427/315/389
f 483/292/380 485/294/382 488/248/369
f 429/318/390 435/319/391 486/317/392
f 479/291/379 486/323/393 488/248/369
f 486/323/393 487/249/370 488/248/369
f 487/249/394 486/323/395 442/324/396
f 435/319/391 383/332/397 442/331/398
f 480/333/399 487/289/376 436/288/375
f 427/335/400 483/336/401 480/333/399
f 409/369/402 405/370/403 406/368/404
f 423/362/405 448/383/405 425/363/405
f 451/360/406 389/361/406 422/359/406
f 489/384/407 491/386/407 492/385/407
f 492/385/408 491/386/408 493/387/408
f 497/388/409 495/390/409 496/389/409
f 499/391/410 497/388/410 498/392/410
f 495/393/411 489/395/411 490/394/411
f 500/396/412 494/397/412 493/387/412
f 492/398/413 494/400/413 500/399/413
f 496/401/413 490/402/413 492/398/413
f 491/398/414 497/403/414 499/399/414
f 491/398/414 489/402/414 495/401/414
f 448/404/415 424/406/415 425/405/415
f 377/245/280 382/246/280 380/407/280
f 392/251/284 381/252/284 378/304/284
f 396/254/285 392/251/285 395/408/285
f 375/255/286 377/256/286 380/409/286
f 391/258/287 396/259/287 395/410/287
f 431/261/288 384/262/290 434/411/416
f 405/264/291 412/265/292 408/412/291
f 408/267/293 406/268/293 405/413/293
f 414/270/294 474/271/294 475/414/294
f 415/273/280 475/274/280 476/415/280
f 416/276/295 476/277/295 477/280/295
f 417/279/296 477/280/296 478/416/296
f 415/417/297 416/283/297 414/418/297
f 414/418/297 416/283/297 413/281/297
f 478/284/298 413/285/298 417/419/298
f 443/287/299 438/288/301 387/420/417
f 447/248/281 402/290/303 418/294/305
f 401/296/308 433/297/308 404/381/308
f 424/299/309 421/300/309 425/421/309
f 393/260/294 376/257/294 375/255/294
f 397/302/310 382/246/310 379/247/310
f 378/304/310 400/305/310 398/306/310
f 398/306/311 399/307/311 397/422/311
f 429/308/312 431/309/312 434/352/312
f 401/311/313 431/312/315 430/423/418
f 404/314/316 432/315/316 403/382/419
f 447/248/281 403/292/304 386/250/282
f 445/317/317 434/318/319 384/424/420
f 427/320/320 440/321/320 432/425/320
f 444/324/322 446/249/324 443/426/421
f 436/325/325 387/326/325 438/348/325
f 406/268/326 411/328/326 410/427/326
f 410/329/327 412/265/292 409/266/292
f 444/331/328 437/319/318 445/317/317
f 386/333/330 438/288/301 446/289/300
f 386/333/330 432/335/333 440/334/331
f 428/337/334 432/338/334 433/355/334
f 419/340/327 431/341/327 426/428/327
f 388/343/335 443/344/335 387/429/335
f 442/346/336 443/344/336 441/345/336
f 439/322/337 438/348/337 440/321/337
f 383/349/338 444/347/338 442/346/338
f 429/308/339 437/351/340 435/354/340
f 383/353/341 437/351/340 385/430/341
f 428/337/342 430/342/342 419/340/342
f 389/356/343 450/357/343 390/431/343
f 423/359/344 450/360/344 448/432/344
f 422/362/345 424/363/345 449/383/345
f 390/366/346 422/367/346 389/433/346
f 422/367/346 421/435/346 420/434/346
f 421/435/346 422/367/346 423/365/346
f 407/368/347 412/369/349 411/436/422
f 467/372/352 472/373/351 455/379/366
f 472/373/351 466/371/350 471/374/353
f 471/374/353 466/371/350 456/376/354
f 463/380/365 465/437/423 473/373/360
f 473/373/360 462/378/357 470/374/356
f 470/374/356 452/377/358 457/375/362
f 462/378/357 473/373/360 465/437/423
f 471/374/353 460/378/424 472/373/351
f 472/373/351 464/437/425 461/380/367
f 460/378/424 464/437/425 472/373/351
f 460/378/424 471/374/353 453/377/359
f 473/373/360 469/372/426 458/379/364
f 469/372/426 473/373/360 468/371/361
f 468/371/361 470/374/356 459/376/363
f 474/281/368 477/283/368 475/418/368
f 475/418/368 477/283/368 476/417/368
f 479/262/372 426/261/374 429/411/427
f 436/288/375 441/287/377 388/420/428
f 482/290/378 488/248/369 485/294/382
f 481/296/384 428/297/384 419/298/384
f 426/312/385 481/311/387 419/423/429
f 484/314/388 427/315/389 428/316/388
f 483/292/380 488/248/369 480/250/371
f 429/318/390 486/317/392 479/424/430
f 487/249/394 442/324/396 441/426/431
f 435/319/391 442/331/398 486/317/392
f 480/333/399 436/288/375 439/334/432
f 427/335/400 480/333/399 439/334/432
f 409/369/402 406/368/404 410/436/433
f 423/362/405 425/363/405 421/364/405
f 451/360/406 422/359/406 449/432/406
f 489/384/407 492/385/407 490/438/407
f 492/385/408 493/387/408 494/397/408
f 497/388/409 496/389/409 498/392/409
f 499/391/410 498/392/410 500/439/410
f 495/393/411 490/394/411 496/440/411
f 500/396/412 493/387/412 499/441/412
f 492/398/413 500/399/413 498/403/413
f 496/401/413 492/398/413 498/403/413
f 491/398/414 499/399/414 493/400/414
f 491/398/414 495/401/414 497/403/414
f 424/406/415 448/404/415 449/442/415
f 449/442/415 448/404/415 451/443/415
f 451/443/415 448/404/415 450/444/415
f 503/445/434 502/446/434 521/447/434
f 504/448/435 527/449/435 503/450/435
f 526/451/436 521/452/436 502/453/436
f 520/454/436 524/455/436 501/456/436
f 534/457/437 535/458/437 536/459/437
f 535/460/438 529/461/438 536/462/438
f 529/463/439 530/464/439 514/465/439
f 506/466/440 511/467/440 510/468/440
f 521/452/441 522/469/441 520/454/441
f 528/470/442 525/471/442 522/472/442
f 505/473/443 528/474/443 504/475/443
f 501/476/444 525/477/444 505/478/444
f 503/479/445 526/480/445 502/481/445
f 531/482/436 536/483/436 529/484/436
f 535/485/446 514/486/446 530/487/446
f 534/488/447 532/489/447 514/490/447
f 531/491/448 537/492/449 533/493/450
f 513/494/451 509/495/451 512/496/451
f 508/497/452 517/498/452 509/499/452
f 510/500/453 518/501/453 516/502/453
f 519/503/451 507/504/451 506/466/451
f 513/494/451 538/505/451 519/503/451
f 516/506/454 517/507/454 515/508/454
f 518/509/439 511/510/439 507/511/439
f 517/512/439 512/513/439 509/514/439
f 518/509/455 507/511/455 538/515/455
f 512/513/456 518/509/456 538/515/456
f 513/513/437 515/512/437 508/514/437
f 516/509/437 506/511/437 510/510/437
f 516/509/457 519/515/457 506/511/457
f 513/513/458 519/515/458 516/509/458
f 542/516/459 543/517/459 558/518/459
f 565/449/460 542/448/460 541/450/460
f 559/452/461 564/451/461 540/453/461
f 558/454/461 562/455/461 560/469/461
f 574/459/437 573/458/437 572/457/437
f 573/460/462 567/461/462 568/519/462
f 552/465/439 568/464/439 567/463/439
f 549/467/463 544/466/463 548/468/463
f 558/454/464 561/520/464 559/452/464
f 565/521/465 564/522/465 561/523/465
f 566/474/466 543/473/466 542/475/466
f 563/477/467 539/476/467 543/478/467
f 564/480/468 541/479/468 540/481/468
f 569/482/461 574/483/461 571/524/461
f 552/486/469 573/485/469 568/487/469
f 570/489/470 572/488/470 552/490/470
f 575/492/471 569/491/472 571/493/473
f 550/496/474 546/525/474 551/494/474
f 555/498/475 546/497/475 547/499/475
f 556/501/476 548/500/476 554/502/476
f 545/504/474 557/503/474 544/466/474
f 576/505/474 551/494/474 557/503/474
f 555/507/477 554/506/477 553/508/477
f 556/509/439 545/511/439 549/510/439
f 550/513/439 555/512/439 547/514/439
f 556/509/478 576/515/478 545/511/478
f 550/513/479 576/515/479 556/509/479
f 553/512/437 551/513/437 546/514/437
f 554/509/437 548/510/437 544/511/437
f 554/509/480 544/511/480 557/515/480
f 551/513/481 554/509/481 557/515/481
f 579/526/437 578/527/437 623/528/437
f 622/529/439 624/530/439 577/531/439
f 612/532/436 580/533/436 582/534/436
f 599/535/482 585/536/482 584/537/482
f 583/534/483 585/538/483 581/533/483
f 580/539/484 599/540/484 584/541/484
f 590/542/485 596/543/485 597/544/486
f 593/545/439 594/546/439 592/547/439
f 589/548/487 592/549/487 588/550/487
f 596/551/461 595/552/461 593/553/461
f 590/554/488 595/555/488 591/556/488
f 597/544/489 589/557/489 588/558/489
f 586/559/439 585/560/439 587/561/439
f 581/539/490 598/540/490 600/562/490
f 603/563/491 605/564/491 602/565/491
f 607/566/437 609/567/437 608/568/437
f 604/569/488 609/570/488 605/571/488
f 606/572/492 603/573/492 602/574/492
f 577/575/436 579/576/436 623/577/436
f 607/578/461 604/579/461 603/580/461
f 598/581/493 601/582/493 600/583/493
f 610/584/487 581/585/487 580/586/487
f 581/533/461 613/532/461 583/534/461
f 615/563/494 617/564/494 616/587/494
f 616/579/436 619/578/436 615/580/436
f 626/576/461 622/575/461 578/577/461
f 619/566/437 621/567/437 618/588/437
f 615/573/495 618/572/495 614/574/495
f 616/569/488 621/570/488 620/589/488
f 578/590/487 577/591/487 623/592/487
f 624/593/488 626/594/488 579/595/488
f 584/538/496 582/534/496 580/533/496
f 586/596/497 583/597/497 582/598/497
f 612/599/488 583/600/488 613/601/488
f 601/602/498 581/603/498 600/604/498
f 610/605/437 613/606/437 611/607/437
f 594/552/436 590/608/436 597/551/436
f 630/609/437 633/610/437 629/611/437
f 634/612/461 631/613/461 633/614/461
f 632/615/439 627/616/439 631/617/439
f 633/618/487 627/619/487 629/620/487
f 630/621/488 632/622/488 634/623/488
f 627/613/436 630/612/436 629/614/436
f 520/518/434 501/624/434 505/517/434
f 505/517/434 504/516/434 520/518/434
f 504/516/434 503/445/434 521/447/434
f 520/518/434 504/516/434 521/447/434
f 504/448/435 528/625/435 527/449/435
f 526/451/436 523/520/436 521/452/436
f 520/454/436 522/469/436 524/455/436
f 536/459/437 533/626/437 534/457/437
f 533/626/437 537/627/437 534/457/437
f 535/460/438 530/519/438 529/461/438
f 532/628/439 531/629/439 514/465/439
f 531/629/439 529/463/439 514/465/439
f 506/466/440 507/504/440 511/467/440
f 521/452/441 523/520/441 522/469/441
f 525/471/442 524/630/442 522/472/442
f 522/472/442 523/523/442 528/470/442
f 523/523/442 526/522/442 527/521/442
f 527/521/442 528/470/442 523/523/442
f 505/473/443 525/631/443 528/474/443
f 501/476/444 524/632/444 525/477/444
f 503/479/445 527/633/445 526/480/445
f 531/482/436 533/524/436 536/483/436
f 535/485/446 534/634/499 514/486/446
f 534/488/447 537/635/447 532/489/447
f 531/491/448 532/636/500 537/492/449
f 513/494/451 508/525/451 509/495/451
f 508/497/452 515/637/452 517/498/452
f 510/500/453 511/638/453 518/501/453
f 519/503/451 538/505/451 507/504/451
f 513/494/451 512/496/451 538/505/451
f 516/506/454 518/639/454 517/507/454
f 517/512/439 518/509/439 512/513/439
f 513/513/437 516/509/437 515/512/437
f 543/517/459 539/624/459 558/518/459
f 558/518/459 559/447/459 542/516/459
f 559/447/459 540/446/459 541/445/459
f 541/445/459 542/516/459 559/447/459
f 565/449/460 566/625/460 542/448/460
f 559/452/461 561/520/461 564/451/461
f 558/454/461 539/456/461 562/455/461
f 575/627/437 571/626/437 572/457/437
f 571/626/437 574/459/437 572/457/437
f 573/460/462 574/462/462 567/461/462
f 567/463/439 569/629/439 552/465/439
f 569/629/439 570/628/439 552/465/439
f 549/467/463 545/504/463 544/466/463
f 558/454/464 560/469/464 561/520/464
f 560/472/465 562/630/465 563/471/465
f 563/471/465 566/470/465 560/472/465
f 566/470/465 565/521/465 561/523/465
f 560/472/465 566/470/465 561/523/465
f 566/474/466 563/631/466 543/473/466
f 563/477/467 562/632/467 539/476/467
f 564/480/468 565/633/468 541/479/468
f 569/482/461 567/484/461 574/483/461
f 552/486/469 572/634/469 573/485/469
f 570/489/470 575/635/470 572/488/470
f 575/492/471 570/636/501 569/491/472
f 550/496/474 547/495/474 546/525/474
f 555/498/475 553/637/475 546/497/475
f 556/501/476 549/638/476 548/500/476
f 545/504/474 576/505/474 557/503/474
f 576/505/474 550/496/474 551/494/474
f 555/507/477 556/639/477 554/506/477
f 550/513/439 556/509/439 555/512/439
f 553/512/437 554/509/437 551/513/437
f 579/526/437 626/640/437 578/527/437
f 622/529/439 625/641/439 624/530/439
f 612/532/436 610/642/436 580/533/436
f 599/535/482 598/643/482 585/536/482
f 583/534/483 587/644/483 585/538/483
f 580/539/484 601/562/484 599/540/484
f 590/542/485 591/645/485 596/543/485
f 593/545/439 595/646/439 594/546/439
f 589/548/487 593/647/487 592/549/487
f 593/553/461 589/648/461 596/551/461
f 596/551/461 591/608/461 595/552/461
f 590/554/488 594/649/488 595/555/488
f 597/544/489 596/543/489 589/557/489
f 586/559/439 584/650/439 585/560/439
f 581/539/490 585/541/490 598/540/490
f 603/563/491 604/587/491 605/564/491
f 607/566/437 606/588/437 609/567/437
f 604/569/488 608/589/488 609/570/488
f 606/572/492 607/651/492 603/573/492
f 577/575/436 624/652/436 579/576/436
f 607/578/461 608/653/461 604/579/461
f 598/581/493 599/654/493 601/582/493
f 610/584/487 611/655/487 581/585/487
f 581/533/461 611/642/461 613/532/461
f 615/563/494 614/565/494 617/564/494
f 616/579/436 620/653/436 619/578/436
f 626/576/461 625/652/461 622/575/461
f 619/566/437 620/568/437 621/567/437
f 615/573/495 619/651/495 618/572/495
f 616/569/488 617/571/488 621/570/488
f 578/590/487 622/656/487 577/591/487
f 624/593/488 625/657/488 626/594/488
f 584/538/496 586/644/496 582/534/496
f 586/596/497 587/658/497 583/597/497
f 612/599/488 582/659/488 583/600/488
f 601/602/498 580/660/498 581/603/498
f 610/605/437 612/661/437 613/606/437
f 597/551/436 588/648/436 592/553/436
f 592/553/436 594/552/436 597/551/436
f 630/609/437 634/662/437 633/610/437
f 634/612/461 632/663/461 631/613/461
f 632/615/439 628/664/439 627/616/439
f 633/618/487 631/665/487 627/619/487
f 630/621/488 628/666/488 632/622/488
f 627/613/436 628/663/436 630/612/436
f 646/667/502 645/668/503 670/669/504
f 645/670/505 648/671/506 641/672/507
f 644/673/508 648/674/509 650/675/510
f 642/676/511 650/675/510 649/677/512
f 680/678/513 643/679/513 652/680/513
f 650/675/510 651/681/514 649/677/512
f 674/682/515 653/683/515 643/684/516
f 677/685/517 672/686/517 647/687/517
f 681/688/518 706/689/518 687/690/518
f 644/673/508 654/691/519 656/692/520
f 636/693/521 656/692/520 655/694/522
f 655/694/522 657/695/523 635/696/524
f 644/673/508 636/693/521 641/697/525
f 716/698/526 676/699/527 685/700/528
f 679/701/529 693/702/529 718/703/529
f 659/704/530 638/705/530 637/706/530
f 658/707/531 637/706/531 636/708/531
f 679/709/532 652/710/532 651/711/532
f 660/712/533 639/713/533 638/705/533
f 664/714/534 663/715/534 640/716/534
f 690/717/535 696/718/536 689/719/537
f 647/720/538 666/721/539 640/722/540
f 688/723/541 695/724/542 691/725/543
f 670/726/544 671/727/544 669/728/544
f 645/729/531 671/730/531 670/731/531
f 668/732/531 666/733/531 670/731/531
f 637/734/545 669/735/546 671/736/547
f 668/737/548 670/726/548 669/728/548
f 694/738/549 672/739/550 696/718/536
f 677/740/551 647/741/552 662/742/553
f 665/743/554 639/744/555 661/745/555
f 660/746/556 659/747/557 663/748/558
f 647/749/559 640/750/559 663/751/559
f 663/752/560 658/753/561 647/741/552
f 658/753/561 662/742/553 647/741/552
f 683/754/562 677/740/551 662/742/553
f 675/755/563 678/756/564 676/757/565
f 686/758/566 690/717/535 689/719/537
f 711/759/567 677/740/551 683/754/562
f 684/760/568 677/761/569 673/762/570
f 683/763/571 658/764/571 655/765/572
f 687/766/573 656/692/520 654/691/519
f 676/699/527 691/725/543 685/700/528
f 677/761/569 691/767/574 690/768/575
f 678/756/564 688/769/576 676/757/565
f 689/770/577 672/686/577 686/771/577
f 718/772/578 692/773/579 688/769/576
f 691/767/574 694/774/580 690/768/575
f 692/773/579 648/671/506 646/775/581
f 695/724/542 646/667/502 667/776/582
f 651/681/514 648/674/509 693/777/583
f 647/720/538 695/778/584 667/779/585
f 649/780/586 652/781/587 643/782/588
f 703/673/589 678/674/590 701/697/591
f 702/676/592 705/675/593 703/673/589
f 705/675/593 704/677/594 679/681/595
f 706/691/596 703/673/589 707/692/597
f 707/692/597 697/693/598 682/694/599
f 682/694/599 657/695/600 707/692/597
f 703/673/589 701/697/591 697/693/598
f 699/783/530 708/784/530 698/785/530
f 698/785/531 683/786/531 697/787/531
f 700/788/533 709/789/533 699/783/533
f 711/790/601 712/791/601 673/792/601
f 716/793/602 715/794/602 717/795/602
f 675/729/531 717/730/531 701/796/531
f 684/733/531 714/732/531 716/731/531
f 717/736/603 715/735/604 698/734/605
f 714/797/606 715/794/606 716/793/606
f 700/798/555 713/799/555 710/800/555
f 711/748/607 709/746/608 713/801/609
f 677/802/610 711/790/610 673/792/610
f 707/692/597 687/766/611 706/691/596
f 678/674/590 679/681/595 718/777/612
f 704/803/613 680/804/614 679/805/615
f 719/806/616 722/807/616 720/808/616
f 727/809/617 743/810/617 744/811/617
f 743/812/618 724/813/618 745/814/619
f 744/815/620 745/816/620 746/817/620
f 732/818/621 735/819/621 728/820/621
f 733/821/622 735/822/622 734/823/622
f 731/824/623 734/823/623 730/825/623
f 734/823/624 732/826/624 733/821/624
f 735/822/625 729/827/625 734/823/625
f 734/823/626 729/827/626 730/825/626
f 729/828/627 731/829/627 730/830/627
f 737/831/628 740/832/628 741/833/628
f 739/834/629 736/835/629 721/836/629
f 722/807/630 738/837/630 720/808/630
f 738/837/631 721/838/631 720/808/631
f 741/839/632 722/807/632 723/840/632
f 737/841/633 723/842/633 719/843/633
f 742/844/634 719/843/634 736/835/634
f 746/845/635 724/846/635 725/847/635
f 725/848/636 744/849/636 746/850/636
f 747/806/637 750/807/637 751/851/637
f 759/819/638 756/818/638 752/820/638
f 757/821/639 759/822/639 752/852/639
f 755/824/640 754/825/640 758/823/640
f 758/823/641 756/826/641 755/824/641
f 759/822/642 758/823/642 753/827/642
f 758/823/643 754/825/643 753/827/643
f 755/829/644 753/828/644 754/830/644
f 751/842/645 761/841/645 747/843/645
f 750/807/646 765/839/646 751/840/646
f 760/835/647 763/834/648 749/836/648
f 761/831/649 764/832/649 762/837/649
f 748/808/650 764/832/650 750/807/650
f 749/838/651 762/837/651 748/808/651
f 747/843/652 766/844/652 760/835/652
f 772/853/653 769/854/654 767/855/655
f 791/856/656 783/857/656 782/858/657
f 808/859/658 782/860/658 775/861/658
f 773/862/659 776/863/660 768/864/661
f 768/864/662 777/865/663 771/866/664
f 770/867/665 771/866/665 777/865/665
f 785/868/666 778/869/666 781/870/666
f 812/871/667 776/872/668 786/873/669
f 792/874/670 774/875/670 770/876/670
f 782/877/671 769/878/672 775/879/673
f 805/880/674 783/881/674 804/882/674
f 775/883/675 769/854/676 772/853/677
f 769/884/678 806/885/678 767/886/678
f 795/887/679 778/888/680 773/889/679
f 806/885/681 773/889/679 767/886/681
f 788/890/666 785/868/666 781/870/666
f 776/872/668 785/868/666 786/873/669
f 780/891/667 812/871/667 789/892/667
f 779/893/669 789/892/667 787/894/669
f 768/895/682 767/855/655 773/896/683
f 775/883/675 768/895/684 771/897/685
f 788/890/666 779/893/669 787/894/669
f 797/898/531 780/899/531 800/900/531
f 798/901/686 781/902/687 778/888/680
f 784/903/688 808/904/688 775/905/688
f 792/874/689 777/906/689 797/907/689
f 794/853/690 806/855/691 805/854/692
f 796/863/693 795/862/694 807/864/695
f 797/865/696 807/864/697 793/866/698
f 792/867/699 797/865/699 793/866/699
f 801/908/700 790/909/700 798/869/700
f 811/910/701 796/911/702 797/912/701
f 808/883/703 794/853/704 805/854/705
f 802/913/700 790/909/700 801/908/700
f 801/908/700 796/911/702 809/873/706
f 811/910/701 800/914/701 803/915/701
f 803/915/701 799/916/707 810/917/707
f 807/895/708 806/855/691 794/853/690
f 774/918/709 793/897/710 784/919/711
f 799/916/707 802/913/700 810/917/707
f 791/877/712 805/878/713 804/920/714
f 719/806/616 721/921/616 736/922/616
f 739/923/628 737/831/628 742/924/628
f 749/921/637 747/806/637 760/922/637
f 761/831/649 763/923/649 766/924/649
f 807/895/715 808/883/703 793/897/710
f 774/918/716 771/897/685 770/925/717
f 698/734/605 715/735/604 699/926/718
f 715/735/604 700/927/719 699/926/718
f 712/928/720 700/927/719 715/735/604
f 637/734/545 638/926/721 669/735/546
f 638/926/721 639/927/722 669/735/546
f 669/735/546 664/928/723 640/929/724
f 642/930/725 653/931/726 654/932/726
f 642/930/725 649/780/586 643/782/588
f 702/933/727 681/934/728 674/935/729
f 704/803/613 702/933/727 674/935/729
f 786/936/669 788/937/666 787/938/669
f 786/936/669 789/939/667 812/940/667
f 809/936/706 803/939/701 810/938/707
f 809/936/706 802/937/700 801/941/700
f 727/942/730 724/943/730 726/944/730
f 670/669/504 666/945/731 667/776/582
f 667/776/582 646/667/502 670/669/504
f 645/670/505 646/775/581 648/671/506
f 644/673/508 641/697/525 648/674/509
f 642/676/511 644/673/508 650/675/510
f 680/678/513 674/946/513 643/679/513
f 674/682/515 681/947/515 653/683/515
f 677/685/517 686/771/517 672/686/517
f 654/948/518 653/949/518 687/690/518
f 653/949/518 681/688/518 687/690/518
f 644/673/508 642/676/511 654/691/519
f 636/693/521 644/673/508 656/692/520
f 655/694/522 656/692/520 657/695/523
f 685/700/528 684/950/732 716/698/526
f 716/698/526 675/951/733 676/699/527
f 679/701/529 651/952/529 693/702/529
f 659/704/530 660/712/530 638/705/530
f 658/707/531 659/704/734 637/706/531
f 679/709/532 680/953/532 652/710/532
f 660/712/533 661/954/533 639/713/533
f 664/714/534 665/743/534 663/715/534
f 690/717/535 694/738/549 696/718/536
f 647/720/538 667/779/585 666/721/539
f 688/723/541 692/955/735 695/724/542
f 645/729/531 641/796/531 671/730/531
f 668/732/531 640/956/531 666/733/531
f 641/697/525 636/693/521 671/736/547
f 636/693/521 637/734/545 671/736/547
f 694/738/549 647/957/736 672/739/550
f 665/743/554 664/714/554 639/744/555
f 659/747/557 658/958/737 663/748/558
f 663/748/558 665/801/738 660/746/556
f 665/801/738 661/959/739 660/746/556
f 675/755/563 701/960/740 678/756/564
f 686/758/566 677/961/741 690/717/535
f 684/760/568 685/962/742 677/761/569
f 655/765/572 635/963/743 682/964/572
f 682/964/572 697/965/744 683/763/571
f 683/763/571 662/966/745 658/764/571
f 658/764/571 636/967/746 655/765/572
f 655/765/572 682/964/572 683/763/571
f 687/766/573 657/695/523 656/692/520
f 676/699/527 688/723/541 691/725/543
f 677/761/569 685/962/742 691/767/574
f 678/756/564 718/772/578 688/769/576
f 689/770/577 696/968/577 672/686/577
f 718/772/578 693/969/747 692/773/579
f 691/767/574 695/778/584 694/774/580
f 692/773/579 693/969/747 648/671/506
f 695/724/542 692/955/735 646/667/502
f 651/681/514 650/675/510 648/674/509
f 647/720/538 694/774/580 695/778/584
f 649/780/586 651/970/748 652/781/587
f 703/673/589 705/675/593 678/674/590
f 702/676/592 704/677/594 705/675/593
f 706/691/596 702/676/592 703/673/589
f 707/692/597 703/673/589 697/693/598
f 682/694/599 635/696/749 657/695/600
f 699/783/530 709/789/530 708/784/530
f 698/785/531 708/784/531 683/786/531
f 700/788/533 710/971/533 709/789/533
f 711/790/601 713/799/601 712/791/601
f 675/729/531 716/731/531 717/730/531
f 684/733/531 673/956/531 714/732/531
f 698/734/605 697/693/598 717/736/603
f 697/693/598 701/697/591 717/736/603
f 700/798/555 712/791/555 713/799/555
f 711/748/607 683/958/750 708/747/751
f 708/747/751 709/746/608 711/748/607
f 709/746/608 710/959/752 713/801/609
f 707/692/597 657/695/600 687/766/611
f 678/674/590 705/675/593 679/681/595
f 704/803/613 674/935/729 680/804/614
f 719/806/616 723/851/616 722/807/616
f 727/809/617 726/972/617 743/810/617
f 743/812/618 726/973/618 724/813/618
f 744/815/620 743/974/620 745/816/620
f 732/818/621 731/829/621 735/819/621
f 733/821/622 728/852/622 735/822/622
f 734/823/624 731/824/624 732/826/624
f 729/828/627 735/819/627 731/829/627
f 737/831/628 738/837/628 740/832/628
f 739/834/629 742/844/629 736/835/629
f 722/807/630 740/832/630 738/837/630
f 738/837/631 739/975/631 721/838/631
f 741/839/632 740/832/753 722/807/632
f 737/841/633 741/976/633 723/842/633
f 742/844/634 737/841/634 719/843/634
f 746/845/635 745/977/635 724/846/635
f 725/848/636 727/978/636 744/849/636
f 747/806/637 748/808/637 750/807/637
f 759/819/638 755/829/638 756/818/638
f 757/821/754 758/823/754 759/822/754
f 758/823/641 757/821/641 756/826/641
f 755/829/644 759/819/644 753/828/644
f 751/842/645 765/976/645 761/841/645
f 750/807/646 764/832/646 765/839/646
f 760/835/647 766/844/647 763/834/648
f 761/831/649 765/833/649 764/832/649
f 748/808/650 762/837/650 764/832/650
f 749/838/651 763/975/651 762/837/651
f 747/843/652 761/841/652 766/844/652
f 791/856/656 804/979/656 783/857/656
f 808/859/658 791/980/658 782/860/658
f 773/862/659 778/981/755 776/863/660
f 768/864/662 776/863/756 777/865/663
f 812/871/667 777/982/667 776/872/668
f 782/877/671 783/920/757 769/878/672
f 805/880/674 769/983/674 783/881/674
f 769/884/678 805/984/678 806/885/678
f 795/887/679 798/901/686 778/888/680
f 806/885/681 795/887/679 773/889/679
f 776/872/668 778/869/666 785/868/666
f 780/891/667 777/982/667 812/871/667
f 779/893/669 780/891/667 789/892/667
f 768/895/682 772/853/653 767/855/655
f 771/897/685 784/919/758 775/883/675
f 775/883/675 772/853/677 768/895/684
f 788/890/666 781/870/666 779/893/669
f 797/898/531 777/985/531 780/899/531
f 798/901/759 790/986/687 781/902/687
f 792/874/689 770/876/689 777/906/689
f 796/863/693 798/981/760 795/862/694
f 797/865/696 796/863/761 807/864/697
f 811/910/701 809/873/706 796/911/702
f 801/908/700 798/869/700 796/911/702
f 811/910/701 797/912/701 800/914/701
f 803/915/701 800/914/701 799/916/707
f 807/895/708 795/896/762 806/855/691
f 774/918/709 792/925/763 793/897/710
f 799/916/707 790/909/700 802/913/700
f 791/877/712 808/879/764 805/878/713
f 719/806/616 720/808/616 721/921/616
f 739/923/628 738/837/628 737/831/628
f 749/921/637 748/808/637 747/806/637
f 761/831/649 762/837/649 763/923/649
f 794/853/704 808/883/703 807/895/715
f 808/883/703 784/919/711 793/897/710
f 774/918/716 784/919/758 771/897/685
f 715/735/604 714/987/765 673/929/766
f 673/929/766 712/928/720 715/735/604
f 640/929/724 668/987/767 669/735/546
f 669/735/546 639/927/722 664/928/723
f 642/930/725 643/782/588 653/931/726
f 702/933/727 706/988/728 681/934/728
f 786/936/669 785/941/666 788/937/666
f 786/936/669 787/938/669 789/939/667
f 809/936/706 811/940/701 803/939/701
f 809/936/706 810/938/707 802/937/700
f 727/942/730 725/989/730 724/943/730
f 819/990/768 837/991/768 820/992/768
f 827/993/769 836/994/769 823/995/769
f 829/996/770 828/997/770 825/998/770
f 834/999/771 817/1000/771 814/1001/772
f 815/1002/773 834/1003/773 832/1004/773
f 835/1005/774 818/1006/774 816/1007/775
f 830/1008/770 831/1009/770 821/1010/770
f 818/1011/776 835/1012/776 821/1013/776
f 826/1014/777 828/1015/777 833/1016/777
f 835/1017/778 828/1015/778 830/1018/778
f 833/1019/779 825/1020/779 826/1021/779
f 818/1017/780 829/1015/780 816/1016/780
f 834/1022/781 823/1023/781 825/1024/781
f 813/1023/782 814/1025/782 817/1022/782
f 824/1014/783 816/1016/783 829/1015/783
f 835/1017/784 830/1018/784 821/1026/784
f 818/1017/785 821/1026/785 831/1018/785
f 816/1019/786 822/1020/786 815/1027/786
f 814/993/787 819/994/787 820/1028/787
f 819/990/768 836/1029/768 837/991/768
f 827/993/769 837/1028/769 836/994/769
f 823/1030/770 836/1029/770 819/990/770
f 819/990/770 813/1031/770 823/1030/770
f 813/1031/770 822/1032/770 825/998/770
f 822/1032/770 824/1033/770 829/996/770
f 829/996/770 831/1009/770 830/1008/770
f 828/997/770 826/1034/770 825/998/770
f 829/996/770 830/1008/770 828/997/770
f 813/1031/770 825/998/770 823/1030/770
f 822/1032/770 829/996/770 825/998/770
f 814/1001/772 820/1035/788 837/1036/788
f 837/1036/788 827/1037/772 814/1001/772
f 827/1037/772 834/999/771 814/1001/772
f 815/1002/773 817/1038/773 834/1003/773
f 816/1007/775 815/1039/789 832/1040/789
f 832/1040/789 833/1041/775 816/1007/775
f 833/1041/775 835/1005/774 816/1007/775
f 835/1017/778 833/1016/778 828/1015/778
f 833/1019/779 832/1027/779 825/1020/779
f 818/1017/780 831/1018/780 829/1015/780
f 825/1024/781 832/1042/781 834/1022/781
f 834/1022/781 827/1025/781 823/1023/781
f 817/1022/782 815/1042/782 822/1024/782
f 822/1024/782 813/1023/782 817/1022/782
f 816/1019/786 824/1021/786 822/1020/786
f 814/993/787 813/995/787 819/994/787
f 928/1043/790 838/1044/790 926/1045/790
f 929/1046/791 928/1047/791 930/1048/791
f 927/1049/792 929/1050/792 930/1051/792
f 848/1052/793 925/1053/793 847/1054/793
f 850/1055/794 845/1056/794 849/1057/794
f 925/1058/745 845/1059/745 847/1060/745
f 848/1061/795 850/1062/795 851/1063/795
f 905/1064/796 869/1065/796 906/1066/796
f 864/1067/797 862/1068/797 881/1069/797
f 857/1070/798 874/1071/798 855/1072/798
f 863/1073/799 874/1074/799 857/1075/799
f 951/1076/800 860/1077/800 859/1078/800
f 861/1079/800 856/1080/800 855/1081/800
f 880/1082/801 888/1083/801 878/1084/801
f 865/1085/797 905/1086/797 867/1087/797
f 975/1088/800 894/1089/800 893/1090/800
f 872/1091/802 852/1092/802 841/1093/802
f 976/1094/803 916/1095/803 975/1096/803
f 843/1097/804 893/1098/804 841/1099/804
f 977/1100/805 974/1101/805 971/1102/805
f 843/1103/798 841/1104/798 852/1105/798
f 894/1106/804 979/1107/804 842/1108/804
f 875/1109/806 963/1110/806 852/1092/806
f 876/1109/807 964/1110/807 974/1111/807
f 853/1092/808 877/1091/808 842/1093/808
f 893/1098/804 894/1106/804 872/1112/804
f 978/1113/809 971/1114/809 973/1115/809
f 978/1116/803 916/1095/803 976/1094/803
f 883/1117/804 884/1118/804 885/1119/804
f 888/1120/798 884/1121/798 889/1122/798
f 873/1123/810 855/1081/810 874/1074/810
f 885/1124/798 888/1120/798 887/1125/798
f 961/1126/811 885/1119/811 887/1127/811
f 951/1128/812 858/1129/812 856/1130/812
f 977/1131/813 976/1132/813 966/1133/813
f 915/1134/797 968/1135/797 853/1105/797
f 838/1136/814 927/1137/814 926/1138/814
f 897/1139/796 901/1140/796 935/1141/796
f 933/1142/815 935/1141/815 934/1143/815
f 913/1144/816 844/1145/816 907/1146/816
f 899/1147/804 931/1148/804 898/1149/804
f 921/1150/798 868/1151/798 902/1152/798
f 922/1153/817 918/1154/817 917/1155/817
f 868/1154/817 920/1153/817 867/1155/817
f 924/1150/797 918/1151/797 903/1156/797
f 869/1157/818 865/1158/818 904/1159/818
f 909/1160/819 911/1161/819 946/1162/819
f 939/1163/819 909/1160/819 946/1162/819
f 942/1164/820 910/1165/820 911/1166/820
f 890/1167/821 938/1168/821 891/1169/821
f 856/1080/800 954/1170/800 951/1076/800
f 889/1171/822 886/1172/822 954/1170/822
f 882/1173/796 889/1174/796 884/1118/796
f 878/1084/823 889/1171/804 864/1175/804
f 917/1087/798 906/1086/798 869/1085/798
f 844/1176/824 899/1177/824 932/1178/824
f 844/1179/796 912/1180/796 931/1148/796
f 913/1181/825 912/1182/825 950/1183/825
f 916/1132/826 971/1131/826 974/1133/826
f 904/1184/827 868/1185/827 918/1186/827
f 921/1187/828 920/1188/828 919/1189/828
f 922/1188/828 924/1187/828 903/1189/828
f 845/1190/829 848/1191/829 847/1192/829
f 925/1192/830 850/1193/830 849/1190/830
f 930/1194/831 926/1195/831 927/1196/831
f 838/1195/832 929/1194/832 839/1196/832
f 933/1143/833 937/1197/833 932/1198/833
f 899/1177/834 936/1199/835 932/1178/834
f 939/1200/797 940/1201/797 892/1202/797
f 938/1200/798 943/1201/798 891/1203/798
f 909/1204/820 940/1201/820 944/1205/820
f 943/1201/820 946/1204/820 945/1205/820
f 910/1206/836 946/1204/836 911/1207/836
f 941/1206/837 909/1204/837 944/1205/837
f 896/1199/838 898/1177/838 947/1178/838
f 931/1176/839 947/1178/839 898/1177/839
f 931/1145/840 914/1144/840 948/1146/840
f 935/1141/841 896/1208/841 947/1198/841
f 960/1209/812 961/1210/812 887/1211/812
f 960/1069/798 955/1212/798 860/1213/798
f 859/1072/797 952/1070/797 953/1129/797
f 958/1074/799 955/1073/799 952/1075/799
f 962/1083/801 879/1082/801 959/1084/801
f 882/1121/797 962/1120/797 886/1122/797
f 859/1081/810 957/1123/810 958/1074/810
f 883/1124/797 961/1125/797 962/1120/797
f 886/1171/804 959/1084/804 956/1175/804
f 972/1214/842 979/1215/842 870/1216/842
f 967/1214/843 843/1215/843 871/1217/843
f 916/1218/844 964/1219/844 969/1220/844
f 963/1219/845 976/1218/845 854/1220/845
f 975/1221/846 871/1222/846 965/1223/846
f 895/1221/846 915/1222/846 972/1224/846
f 928/1043/790 840/1225/790 838/1044/790
f 929/1046/791 840/1226/791 928/1047/791
f 927/1049/792 839/1227/792 929/1050/792
f 848/1052/793 851/1228/793 925/1053/793
f 850/1055/794 846/1229/794 845/1056/794
f 925/1058/745 849/1230/745 845/1059/745
f 848/1061/795 846/1231/795 850/1062/795
f 905/1064/796 865/1232/796 869/1065/796
f 862/1068/797 861/1213/797 881/1069/797
f 861/1213/797 873/1233/797 863/1212/797
f 881/1069/797 861/1213/797 863/1212/797
f 881/1069/797 880/1234/797 878/1235/797
f 878/1235/797 864/1067/797 881/1069/797
f 855/1072/798 856/1130/798 858/1129/798
f 858/1129/798 857/1070/798 855/1072/798
f 863/1073/799 873/1123/799 874/1074/799
f 951/1076/800 954/1170/800 860/1077/800
f 861/1079/800 862/1236/800 856/1080/800
f 880/1082/801 887/1237/801 888/1083/801
f 920/1238/797 866/1239/797 867/1087/797
f 866/1239/797 865/1085/797 867/1087/797
f 975/1088/800 895/1240/800 894/1089/800
f 872/1091/802 875/1109/802 852/1092/802
f 916/1095/803 969/1241/803 895/1242/803
f 969/1241/803 968/1243/803 895/1242/803
f 895/1242/803 975/1096/803 916/1095/803
f 975/1096/803 965/1244/803 854/1245/803
f 854/1245/803 976/1094/803 975/1096/803
f 843/1097/804 970/1246/804 893/1098/804
f 977/1100/805 966/1247/805 974/1101/805
f 852/1105/798 963/1248/798 965/1135/798
f 963/1248/798 854/1249/798 965/1135/798
f 965/1135/798 871/1134/798 852/1105/798
f 871/1134/798 843/1103/798 852/1105/798
f 894/1106/804 870/1250/804 979/1107/804
f 875/1109/806 966/1111/806 963/1110/806
f 876/1109/807 853/1092/807 964/1110/807
f 853/1092/808 876/1109/808 877/1091/808
f 842/1108/804 877/1251/804 894/1106/804
f 877/1251/804 872/1112/804 894/1106/804
f 872/1112/804 841/1099/804 893/1098/804
f 978/1113/809 977/1252/809 971/1114/809
f 978/1116/803 973/1253/803 916/1095/803
f 883/1117/804 882/1173/804 884/1118/804
f 888/1120/798 885/1124/798 884/1121/798
f 873/1123/810 861/1079/810 855/1081/810
f 961/1126/811 883/1117/811 885/1119/811
f 951/1128/812 953/1254/812 858/1129/812
f 977/1131/813 978/1255/813 976/1132/813
f 969/1249/797 964/1248/797 968/1135/797
f 964/1248/797 853/1105/797 968/1135/797
f 853/1105/797 842/1104/797 979/1103/797
f 979/1103/797 915/1134/797 853/1105/797
f 838/1136/814 839/1256/814 927/1137/814
f 897/1139/796 936/1257/796 900/1258/796
f 900/1258/796 901/1140/796 897/1139/796
f 901/1140/796 896/1259/796 935/1141/796
f 933/1142/815 897/1139/815 935/1141/815
f 913/1144/816 950/1260/816 844/1145/816
f 899/1147/804 844/1179/804 931/1148/804
f 898/1149/804 901/1261/804 899/1147/804
f 901/1261/804 900/1262/804 899/1147/804
f 921/1150/798 919/1156/798 868/1151/798
f 922/1153/817 903/1263/817 918/1154/817
f 868/1154/817 919/1263/817 920/1153/817
f 924/1150/797 904/1152/797 918/1151/797
f 865/1158/818 866/1264/818 902/1265/818
f 866/1264/818 921/1266/818 902/1265/818
f 924/1267/818 923/1268/818 904/1159/818
f 923/1268/818 869/1157/818 904/1159/818
f 865/1158/818 902/1265/818 904/1159/818
f 909/1160/819 942/1269/819 911/1161/819
f 908/1270/819 938/1271/819 946/1162/819
f 938/1271/819 939/1163/819 946/1162/819
f 939/1163/819 892/1272/819 909/1160/819
f 942/1164/820 941/1273/820 910/1165/820
f 890/1167/821 939/1274/821 938/1168/821
f 856/1080/800 862/1236/800 954/1170/800
f 886/1172/822 956/1275/822 954/1170/822
f 954/1170/822 862/1236/822 889/1171/822
f 862/1236/822 864/1175/822 889/1171/822
f 882/1173/796 886/1276/796 889/1174/796
f 878/1084/823 888/1083/823 889/1171/804
f 869/1085/798 923/1239/798 917/1087/798
f 923/1239/798 922/1238/798 917/1087/798
f 844/1179/796 950/1277/796 912/1180/796
f 913/1181/825 914/1278/825 912/1182/825
f 916/1132/826 973/1255/826 971/1131/826
f 904/1184/827 902/1279/827 868/1185/827
f 921/1187/828 866/1280/828 920/1188/828
f 922/1188/828 923/1280/828 924/1187/828
f 845/1190/829 846/1193/829 848/1191/829
f 925/1192/830 851/1191/830 850/1193/830
f 930/1194/831 928/1281/831 926/1195/831
f 838/1195/832 840/1281/832 929/1194/832
f 907/1282/833 844/1283/833 937/1197/833
f 844/1283/833 932/1198/833 937/1197/833
f 932/1198/833 936/1208/847 897/1141/833
f 897/1141/833 933/1143/833 932/1198/833
f 899/1177/834 900/1284/835 936/1199/835
f 939/1200/797 890/1203/797 940/1201/797
f 938/1200/798 908/1202/798 943/1201/798
f 909/1204/820 892/1202/820 940/1201/820
f 943/1201/820 908/1202/820 946/1204/820
f 910/1206/836 945/1205/836 946/1204/836
f 941/1206/837 942/1207/837 909/1204/837
f 896/1199/838 901/1284/838 898/1177/838
f 931/1145/840 912/1260/840 914/1144/840
f 947/1198/841 931/1283/841 949/1197/841
f 931/1283/841 948/1282/841 949/1197/841
f 949/1197/841 934/1143/841 947/1198/841
f 934/1143/841 935/1141/841 947/1198/841
f 880/1285/812 881/1286/812 887/1211/812
f 881/1286/812 960/1209/812 887/1211/812
f 960/1209/812 879/1287/812 961/1210/812
f 957/1233/798 860/1213/798 955/1212/798
f 860/1213/798 954/1068/798 960/1069/798
f 954/1068/798 956/1067/798 960/1069/798
f 956/1067/798 959/1235/798 960/1069/798
f 959/1235/798 879/1234/798 960/1069/798
f 953/1129/797 951/1130/797 859/1072/797
f 859/1072/797 958/1071/797 952/1070/797
f 958/1074/799 957/1123/799 955/1073/799
f 962/1083/801 961/1237/801 879/1082/801
f 882/1121/797 883/1124/797 962/1120/797
f 859/1081/810 860/1079/810 957/1123/810
f 886/1171/804 962/1083/804 959/1084/804
f 972/1214/842 915/1217/842 979/1215/842
f 967/1214/843 970/1216/843 843/1215/843
f 916/1218/844 974/1288/844 964/1219/844
f 963/1219/845 966/1288/845 976/1218/845
f 975/1221/846 967/1224/846 871/1222/846
f 895/1221/846 968/1223/846 915/1222/846
usemtl OOTORI
f 1005/1289/848 989/1290/848 988/1291/848
f 980/1292/849 989/1293/849 982/1294/849
f 988/1295/850 987/1296/850 985/1297/850
f 991/1298/851 987/1296/851 990/1299/851
f 989/1293/852 986/1300/853 991/1298/853
f 984/1301/854 1007/1302/854 985/1303/854
f 1029/1304/855 1026/1305/855 1025/1306/855
f 996/1307/856 998/1308/856 999/1309/856
f 992/1310/857 997/1311/857 996/1312/857
f 995/1313/858 993/1314/858 992/1315/858
f 997/1316/854 994/1317/854 998/1318/854
f 985/1319/859 1000/1320/859 988/1321/859
f 1008/1322/854 981/1323/854 1001/1324/854
f 1002/1325/860 1004/1326/860 983/1327/860
f 980/1328/861 1005/1329/861 1007/1330/861
f 1001/1331/859 983/1327/859 1000/1320/859
f 1004/1332/862 1003/1333/862 1009/1334/862
f 1009/1335/863 1007/1302/863 1006/1336/863
f 1005/1329/861 1006/1337/861 1007/1330/861
f 1009/1335/863 1002/1338/863 1008/1322/863
f 1010/1339/848 983/1340/848 1004/1332/848
f 1036/1289/864 1019/1291/864 1020/1290/864
f 1013/1294/865 1015/1341/865 1011/1292/865
f 1019/1295/866 1018/1296/866 1021/1299/866
f 1018/1296/867 1022/1298/867 1021/1299/867
f 1017/1300/868 1020/1293/868 1022/1298/868
f 1038/1302/869 1015/1301/869 1016/1303/869
f 1029/1308/870 1027/1307/870 1030/1309/870
f 1028/1311/871 1023/1310/871 1027/1312/871
f 1026/1313/872 1024/1314/872 1025/1342/872
f 1028/1316/869 1025/1317/869 1024/1343/869
f 1016/1319/873 1031/1320/873 1032/1331/873
f 1039/1322/869 1012/1323/869 1033/1338/869
f 1035/1326/874 1034/1344/874 1033/1325/874
f 1036/1329/875 1011/1328/875 1038/1330/875
f 1014/1327/873 1032/1331/873 1031/1320/873
f 1040/1334/876 1035/1332/876 1041/1339/876
f 1038/1302/877 1040/1335/877 1037/1336/877
f 1036/1329/875 1038/1330/875 1037/1337/875
f 1033/1338/877 1040/1335/877 1039/1322/877
f 1041/1339/864 1014/1340/864 1031/1345/864
f 998/1304/878 995/1305/878 999/1346/878
f 1067/1289/869 1050/1291/869 1051/1290/869
f 1044/1294/879 1046/1341/880 1042/1292/879
f 1047/1297/881 1052/1299/881 1050/1295/881
f 1049/1296/882 1053/1298/882 1052/1299/882
f 1048/1300/883 1051/1293/883 1053/1298/883
f 1069/1302/864 1046/1301/864 1047/1303/864
f 1091/1304/884 1088/1305/884 1092/1346/884
f 1060/1308/885 1058/1307/885 1061/1309/885
f 1059/1311/886 1054/1310/886 1058/1312/886
f 1057/1313/887 1055/1314/887 1056/1342/887
f 1056/1317/864 1059/1316/864 1060/1318/864
f 1047/1319/888 1062/1320/888 1063/1331/888
f 1070/1322/864 1043/1323/864 1064/1338/864
f 1066/1326/889 1065/1344/890 1064/1325/889
f 1067/1329/891 1042/1328/891 1069/1330/891
f 1045/1327/888 1063/1331/888 1062/1320/888
f 1072/1339/892 1071/1334/892 1066/1332/892
f 1069/1302/893 1071/1335/893 1068/1336/893
f 1067/1329/891 1069/1330/891 1068/1337/891
f 1064/1338/893 1071/1335/893 1070/1322/893
f 1072/1339/869 1045/1340/869 1062/1345/869
f 1098/1289/854 1082/1290/854 1081/1291/854
f 1077/1341/894 1075/1294/894 1073/1292/894
f 1081/1295/895 1080/1296/895 1078/1297/895
f 1084/1298/896 1080/1296/896 1083/1299/896
f 1082/1293/897 1079/1300/897 1084/1298/897
f 1077/1301/848 1100/1302/848 1078/1303/848
f 1089/1307/898 1091/1308/898 1092/1309/898
f 1090/1311/899 1085/1310/899 1086/1347/899
f 1088/1313/900 1086/1314/900 1085/1315/900
f 1090/1316/848 1087/1317/848 1091/1318/848
f 1078/1319/901 1093/1320/901 1081/1321/901
f 1101/1322/848 1074/1323/848 1094/1324/848
f 1095/1325/902 1096/1344/902 1097/1326/902
f 1073/1328/903 1098/1329/903 1100/1330/903
f 1094/1331/901 1076/1327/901 1093/1320/901
f 1097/1332/904 1096/1333/904 1102/1334/904
f 1102/1335/905 1100/1302/905 1099/1336/905
f 1098/1329/903 1099/1337/903 1100/1330/903
f 1102/1335/905 1095/1338/905 1101/1322/905
f 1103/1339/854 1076/1340/854 1097/1332/854
f 1057/1305/906 1060/1304/906 1061/1346/906
f 1124/1348/907 1107/1349/907 1123/1350/907
f 1107/1349/907 1105/1351/907 1104/1352/907
f 1116/1353/908 1108/1354/908 1109/1355/908
f 1105/1351/907 1109/1356/907 1104/1352/907
f 1115/1357/909 1120/1358/909 1108/1359/909
f 1114/1360/910 1119/1361/911 1110/1362/912
f 1110/1362/912 1112/1363/913 1117/1364/914
f 1114/1360/910 1110/1362/912 1117/1364/914
f 1112/1363/913 1119/1361/911 1118/1365/915
f 1120/1366/916 1118/1365/915 1119/1361/911
f 1121/1367/917 1124/1348/917 1123/1350/917
f 1111/1368/918 1114/1369/909 1117/1370/919
f 1106/1371/920 1112/1372/920 1105/1373/920
f 1118/1374/921 1115/1375/921 1116/1376/921
f 1124/1377/797 1113/1378/797 1106/1379/797
f 1107/1371/922 1114/1372/922 1111/1380/922
f 1109/1376/923 1108/1375/923 1120/1374/923
f 1123/1377/798 1111/1378/798 1121/1381/798
f 1140/1382/924 1137/1383/812 1132/1384/925
f 1139/1385/926 1132/1386/927 1131/1387/928
f 1135/1388/804 1126/1389/804 1129/1390/804
f 1134/1391/929 1137/1383/812 1136/1392/930
f 1128/1393/931 1137/1383/812 1140/1382/924
f 1132/1386/927 1133/1394/864 1131/1387/928
f 1127/1395/932 1137/1383/812 1128/1393/931
f 1128/1396/933 1139/1385/926 1129/1397/933
f 1132/1384/925 1137/1383/812 1134/1391/929
f 1134/1398/864 1135/1399/934 1133/1394/864
f 1136/1392/930 1137/1383/812 1127/1400/932
f 1125/1385/935 1144/1386/869 1142/1387/869
f 1144/1386/869 1130/1394/926 1142/1387/869
f 1150/1396/891 1125/1385/935 1126/1397/891
f 1145/1398/926 1129/1399/875 1130/1394/926
f 1151/1398/936 1126/1399/937 1141/1394/936
f 1136/1396/938 1138/1385/864 1135/1397/938
f 1143/1387/939 1151/1398/936 1141/1394/936
f 1138/1385/864 1152/1386/939 1143/1387/939
f 1147/1382/932 1146/1383/812 1144/1384/931
f 1145/1391/940 1146/1383/812 1128/1392/925
f 1150/1393/930 1146/1383/812 1147/1382/932
f 1127/1395/929 1146/1383/812 1150/1393/930
f 1144/1384/931 1146/1383/812 1145/1391/940
f 1128/1392/925 1146/1383/812 1127/1400/929
f 1150/1392/931 1149/1383/812 1127/1400/924
f 1152/1384/930 1149/1383/812 1151/1391/932
f 1127/1395/924 1149/1383/812 1136/1393/925
f 1136/1393/925 1149/1383/812 1148/1382/929
f 1151/1391/932 1149/1383/812 1150/1392/931
f 1148/1382/929 1149/1383/812 1152/1384/930
f 1169/1393/925 1156/1383/941 1157/1382/929
f 1154/1398/936 1179/1399/942 1164/1394/936
f 1153/1384/930 1156/1383/941 1154/1391/932
f 1173/1384/925 1168/1383/812 1171/1391/929
f 1169/1392/930 1168/1383/812 1178/1400/932
f 1161/1386/869 1175/1394/926 1163/1387/869
f 1178/1395/924 1156/1383/941 1169/1393/925
f 1154/1391/932 1156/1383/941 1155/1392/931
f 1178/1395/932 1168/1383/812 1177/1393/931
f 1165/1382/924 1168/1383/812 1173/1384/925
f 1158/1382/932 1159/1383/812 1161/1384/943
f 1160/1391/924 1159/1383/812 1177/1392/925
f 1177/1392/925 1159/1383/812 1178/1400/929
f 1173/1386/927 1172/1394/864 1174/1387/928
f 1177/1393/931 1168/1383/812 1165/1382/924
f 1155/1396/891 1180/1385/935 1179/1397/891
f 1180/1385/935 1161/1386/869 1163/1387/869
f 1155/1393/930 1159/1383/812 1158/1382/932
f 1157/1382/929 1156/1383/941 1153/1384/930
f 1169/1396/938 1167/1385/864 1170/1397/938
f 1170/1388/804 1179/1389/804 1176/1390/804
f 1160/1398/926 1176/1399/875 1175/1394/926
f 1153/1386/939 1164/1394/936 1162/1387/939
f 1171/1398/864 1170/1399/934 1172/1394/864
f 1167/1385/864 1153/1386/939 1162/1387/939
f 1176/1397/933 1165/1401/926 1166/1385/926
f 1178/1395/929 1159/1383/812 1155/1393/930
f 1155/1392/931 1156/1383/941 1178/1400/924
f 1166/1385/926 1173/1386/927 1174/1387/928
f 1161/1384/943 1159/1383/812 1160/1391/924
f 1171/1391/929 1168/1383/812 1169/1392/930
f 1191/1402/944 1193/1403/945 1181/1404/804
f 1190/1405/946 1188/1406/947 1182/1407/812
f 1184/1408/864 1185/1409/939 1183/1410/864
f 1193/1403/945 1183/1411/948 1181/1404/804
f 1192/1412/949 1190/1405/946 1182/1407/812
f 1186/1413/939 1187/1414/935 1185/1409/939
f 1187/1415/950 1189/1416/951 1181/1404/804
f 1194/1417/952 1192/1412/949 1182/1407/812
f 1187/1414/935 1190/1418/869 1189/1419/869
f 1185/1420/953 1187/1415/950 1181/1404/804
f 1184/1421/954 1194/1417/952 1182/1407/812
f 1190/1418/869 1191/1422/926 1189/1419/869
f 1183/1423/948 1185/1420/953 1181/1404/804
f 1186/1424/955 1184/1425/954 1182/1407/812
f 1192/1426/926 1193/1427/928 1191/1422/926
f 1189/1416/951 1191/1402/944 1181/1404/804
f 1188/1406/947 1186/1424/955 1182/1407/812
f 1194/1428/928 1183/1429/864 1193/1427/928
f 1210/1382/956 1202/1384/957 1207/1383/812
f 1209/1385/958 1202/1386/959 1210/1401/960
f 1199/1390/804 1196/1389/804 1205/1388/804
f 1204/1391/961 1206/1392/962 1207/1383/812
f 1198/1393/963 1210/1382/956 1207/1383/812
f 1203/1394/854 1202/1386/959 1201/1387/964
f 1197/1395/965 1198/1393/963 1207/1383/812
f 1209/1385/958 1198/1396/966 1199/1397/966
f 1202/1384/957 1204/1391/961 1207/1383/812
f 1205/1399/967 1204/1398/854 1203/1394/854
f 1206/1392/962 1197/1400/965 1207/1383/812
f 1195/1385/968 1214/1386/848 1217/1401/968
f 1200/1394/958 1214/1386/848 1212/1387/848
f 1195/1385/968 1220/1396/861 1196/1397/861
f 1199/1399/903 1215/1398/960 1200/1394/958
f 1196/1399/969 1221/1398/968 1211/1394/968
f 1208/1385/854 1206/1396/970 1205/1397/970
f 1211/1394/968 1222/1386/971 1213/1387/972
f 1208/1385/854 1222/1386/971 1218/1401/854
f 1217/1382/965 1214/1384/963 1216/1383/812
f 1215/1391/956 1198/1392/957 1216/1383/812
f 1220/1393/962 1217/1382/965 1216/1383/812
f 1197/1395/961 1220/1393/962 1216/1383/812
f 1214/1384/963 1215/1391/956 1216/1383/812
f 1198/1392/957 1197/1400/961 1216/1383/812
f 1220/1392/963 1197/1400/956 1219/1383/812
f 1222/1384/962 1221/1391/965 1219/1383/812
f 1197/1395/956 1206/1393/957 1219/1383/812
f 1206/1393/957 1218/1382/961 1219/1383/812
f 1221/1391/965 1220/1392/963 1219/1383/812
f 1218/1382/961 1222/1384/962 1219/1383/812
f 1239/1393/957 1227/1382/961 1226/1383/812
f 1249/1399/969 1224/1398/968 1234/1394/973
f 1223/1384/962 1224/1391/965 1226/1383/812
f 1243/1384/957 1241/1391/961 1238/1383/812
f 1239/1392/962 1248/1400/965 1238/1383/812
f 1245/1394/958 1231/1386/848 1233/1387/848
f 1248/1395/956 1239/1393/957 1226/1383/812
f 1224/1391/965 1225/1392/963 1226/1383/812
f 1248/1395/965 1247/1393/963 1238/1383/812
f 1235/1382/956 1243/1384/957 1238/1383/812
f 1228/1382/965 1231/1384/963 1229/1383/812
f 1230/1391/956 1247/1392/974 1229/1383/812
f 1247/1392/974 1248/1400/961 1229/1383/812
f 1242/1394/854 1243/1386/959 1244/1387/975
f 1247/1393/963 1235/1382/956 1238/1383/812
f 1250/1385/976 1225/1396/861 1249/1397/861
f 1250/1385/976 1231/1386/848 1228/1401/968
f 1225/1393/962 1228/1382/965 1229/1383/812
f 1227/1382/961 1223/1384/962 1226/1383/812
f 1237/1385/854 1239/1396/970 1240/1397/970
f 1246/1390/804 1249/1389/804 1240/1388/804
f 1246/1399/903 1230/1398/960 1245/1394/958
f 1234/1394/973 1223/1386/971 1232/1387/971
f 1240/1399/967 1241/1398/854 1242/1394/854
f 1237/1385/854 1223/1386/971 1227/1401/854
f 1236/1385/960 1247/1396/966 1246/1397/966
f 1248/1395/961 1225/1393/962 1229/1383/812
f 1225/1392/963 1248/1400/956 1226/1383/812
f 1236/1385/960 1243/1386/959 1235/1401/958
f 1231/1384/963 1230/1391/956 1229/1383/812
f 1241/1391/961 1239/1392/962 1238/1383/812
f 1261/1402/977 1251/1404/804 1263/1403/978
f 1260/1405/979 1252/1407/812 1258/1406/980
f 1255/1409/971 1254/1408/854 1253/1410/854
f 1263/1403/978 1251/1404/804 1253/1411/981
f 1262/1412/982 1252/1407/812 1260/1405/979
f 1257/1414/976 1256/1413/971 1255/1409/971
f 1257/1415/983 1251/1404/804 1259/1416/984
f 1264/1417/985 1252/1407/812 1262/1412/982
f 1257/1414/976 1260/1418/848 1258/1430/976
f 1255/1420/986 1251/1404/804 1257/1415/983
f 1254/1421/987 1252/1407/812 1264/1417/985
f 1261/1422/960 1260/1418/848 1259/1419/848
f 1253/1423/981 1251/1404/804 1255/1420/986
f 1256/1424/988 1252/1407/812 1254/1425/987
f 1263/1427/975 1262/1426/960 1261/1422/960
f 1259/1416/984 1251/1404/804 1261/1402/977
f 1258/1406/980 1252/1407/812 1256/1424/988
f 1253/1429/854 1264/1428/975 1263/1427/975
f 1268/1431/804 1271/1432/804 1267/1433/804
f 1266/1434/798 1267/1435/798 1265/1436/798
f 1270/1437/812 1265/1438/812 1269/1439/812
f 1272/1440/797 1269/1436/797 1271/1435/797
f 1271/1441/796 1265/1442/796 1267/1443/796
f 1275/1444/796 1274/1445/796 1273/1446/796
f 1277/1447/798 1273/1448/798 1274/1449/798
f 1280/1450/804 1273/1451/804 1279/1452/804
f 1275/1448/797 1278/1447/797 1276/1449/797
f 1280/1453/800 1277/1454/800 1278/1455/800
f 1278/1456/812 1274/1457/812 1276/1458/812
f 1272/1459/800 1266/1460/800 1270/1461/800
f 1287/1432/804 1284/1431/804 1283/1433/804
f 1283/1435/797 1282/1434/797 1281/1436/797
f 1281/1438/812 1286/1437/812 1285/1439/812
f 1285/1436/798 1288/1440/798 1287/1435/798
f 1283/1443/796 1285/1462/796 1287/1441/796
f 1290/1445/812 1291/1444/812 1289/1446/812
f 1289/1448/797 1293/1447/797 1290/1449/797
f 1289/1451/796 1296/1450/796 1295/1452/796
f 1294/1447/798 1291/1448/798 1292/1449/798
f 1293/1454/804 1296/1453/804 1294/1455/804
f 1290/1457/800 1294/1456/800 1292/1458/800
f 1286/1461/800 1284/1463/800 1288/1459/800
f 1005/1289/848 982/1464/848 989/1290/848
f 989/1290/848 991/1465/848 990/1466/848
f 988/1291/848 1000/1345/848 1010/1339/848
f 989/1290/848 990/1466/848 988/1291/848
f 1010/1339/848 1005/1289/848 988/1291/848
f 980/1292/849 984/1341/849 989/1293/849
f 988/1295/850 990/1299/850 987/1296/850
f 991/1298/851 986/1300/851 987/1296/851
f 989/1293/852 984/1341/852 986/1300/853
f 984/1301/854 980/1467/854 1007/1302/854
f 1007/1302/854 1008/1322/854 985/1303/854
f 1008/1322/854 1001/1324/854 985/1303/854
f 985/1303/854 987/1468/854 984/1301/854
f 987/1468/854 986/1469/854 984/1301/854
f 1029/1304/855 1030/1346/855 1026/1305/855
f 996/1307/856 997/1470/856 998/1308/856
f 992/1310/857 993/1347/857 997/1311/857
f 995/1313/858 994/1342/858 993/1314/858
f 997/1316/854 993/1343/854 994/1317/854
f 985/1319/859 1001/1331/859 1000/1320/859
f 1008/1322/854 1002/1338/854 981/1323/854
f 983/1327/860 981/1471/860 1002/1325/860
f 1002/1325/860 1003/1344/860 1004/1326/860
f 980/1328/861 982/1472/861 1005/1329/861
f 1001/1331/859 981/1471/859 983/1327/859
f 1006/1473/862 1005/1289/862 1009/1334/862
f 1005/1289/862 1010/1339/862 1009/1334/862
f 1010/1339/862 1004/1332/862 1009/1334/862
f 1009/1335/863 1008/1322/863 1007/1302/863
f 1009/1335/863 1003/1474/863 1002/1338/863
f 1010/1339/848 1000/1345/848 983/1340/848
f 1036/1289/864 1041/1339/864 1019/1291/864
f 1041/1339/864 1031/1345/864 1019/1291/864
f 1019/1291/864 1021/1466/864 1020/1290/864
f 1021/1466/864 1022/1465/864 1020/1290/864
f 1020/1290/864 1013/1464/864 1036/1289/864
f 1013/1294/865 1020/1293/865 1015/1341/865
f 1019/1295/866 1016/1297/866 1018/1296/866
f 1018/1296/867 1017/1300/867 1022/1298/867
f 1017/1300/868 1015/1341/868 1020/1293/868
f 1038/1302/869 1011/1467/869 1015/1301/869
f 1015/1301/869 1017/1469/869 1018/1468/869
f 1016/1303/869 1032/1324/869 1039/1322/869
f 1015/1301/869 1018/1468/869 1016/1303/869
f 1039/1322/869 1038/1302/869 1016/1303/869
f 1029/1308/870 1028/1470/870 1027/1307/870
f 1028/1311/871 1024/1347/871 1023/1310/871
f 1026/1313/872 1023/1315/872 1024/1314/872
f 1028/1316/869 1029/1318/869 1025/1317/869
f 1016/1319/873 1019/1321/873 1031/1320/873
f 1039/1322/869 1032/1324/869 1012/1323/869
f 1033/1325/874 1012/1471/874 1014/1327/874
f 1014/1327/874 1035/1326/874 1033/1325/874
f 1036/1329/875 1013/1472/875 1011/1328/875
f 1014/1327/873 1012/1471/873 1032/1331/873
f 1041/1339/876 1036/1289/876 1040/1334/876
f 1036/1289/876 1037/1473/876 1040/1334/876
f 1040/1334/876 1034/1333/876 1035/1332/876
f 1038/1302/877 1039/1322/877 1040/1335/877
f 1033/1338/877 1034/1474/877 1040/1335/877
f 1041/1339/864 1035/1332/864 1014/1340/864
f 998/1304/878 994/1306/878 995/1305/878
f 1067/1289/869 1072/1339/869 1050/1291/869
f 1072/1339/869 1062/1345/869 1050/1291/869
f 1050/1291/869 1052/1466/869 1051/1290/869
f 1052/1466/869 1053/1465/869 1051/1290/869
f 1051/1290/869 1044/1464/869 1067/1289/869
f 1044/1294/879 1051/1293/880 1046/1341/880
f 1047/1297/881 1049/1296/881 1052/1299/881
f 1049/1296/882 1048/1300/882 1053/1298/882
f 1048/1300/883 1046/1341/883 1051/1293/883
f 1069/1302/864 1042/1467/864 1046/1301/864
f 1046/1301/864 1048/1469/864 1049/1468/864
f 1047/1303/864 1063/1324/864 1070/1322/864
f 1046/1301/864 1049/1468/864 1047/1303/864
f 1070/1322/864 1069/1302/864 1047/1303/864
f 1091/1304/884 1087/1306/884 1088/1305/884
f 1060/1308/885 1059/1470/885 1058/1307/885
f 1059/1311/886 1055/1347/886 1054/1310/886
f 1057/1313/887 1054/1315/887 1055/1314/887
f 1056/1317/864 1055/1343/864 1059/1316/864
f 1047/1319/888 1050/1321/888 1062/1320/888
f 1070/1322/864 1063/1324/864 1043/1323/864
f 1064/1325/889 1043/1471/890 1045/1327/890
f 1045/1327/890 1066/1326/889 1064/1325/889
f 1067/1329/891 1044/1472/891 1042/1328/891
f 1045/1327/888 1043/1471/888 1063/1331/888
f 1072/1339/892 1067/1289/892 1071/1334/892
f 1067/1289/892 1068/1473/892 1071/1334/892
f 1071/1334/892 1065/1333/892 1066/1332/892
f 1069/1302/893 1070/1322/893 1071/1335/893
f 1064/1338/893 1065/1474/893 1071/1335/893
f 1072/1339/869 1066/1332/869 1045/1340/869
f 1098/1289/854 1075/1464/854 1082/1290/854
f 1082/1290/854 1084/1465/854 1083/1466/854
f 1081/1291/854 1093/1345/854 1103/1339/854
f 1082/1290/854 1083/1466/854 1081/1291/854
f 1103/1339/854 1098/1289/854 1081/1291/854
f 1077/1341/894 1082/1293/894 1075/1294/894
f 1081/1295/895 1083/1299/895 1080/1296/895
f 1084/1298/896 1079/1300/896 1080/1296/896
f 1082/1293/897 1077/1341/897 1079/1300/897
f 1077/1301/848 1073/1467/848 1100/1302/848
f 1100/1302/848 1101/1322/848 1078/1303/848
f 1101/1322/848 1094/1324/848 1078/1303/848
f 1078/1303/848 1080/1468/848 1077/1301/848
f 1080/1468/848 1079/1469/848 1077/1301/848
f 1089/1307/898 1090/1470/898 1091/1308/898
f 1090/1311/899 1089/1312/899 1085/1310/899
f 1088/1313/900 1087/1342/900 1086/1314/900
f 1090/1316/848 1086/1343/848 1087/1317/848
f 1078/1319/901 1094/1331/901 1093/1320/901
f 1101/1322/848 1095/1338/848 1074/1323/848
f 1076/1327/902 1074/1471/902 1097/1326/902
f 1074/1471/902 1095/1325/902 1097/1326/902
f 1073/1328/903 1075/1472/903 1098/1329/903
f 1094/1331/901 1074/1471/901 1076/1327/901
f 1099/1473/904 1098/1289/904 1102/1334/904
f 1098/1289/904 1103/1339/904 1102/1334/904
f 1103/1339/904 1097/1332/904 1102/1334/904
f 1102/1335/905 1101/1322/905 1100/1302/905
f 1102/1335/905 1096/1474/905 1095/1338/905
f 1103/1339/854 1093/1345/854 1076/1340/854
f 1057/1305/906 1056/1306/906 1060/1304/906
f 1124/1348/907 1106/1475/907 1107/1349/907
f 1107/1349/907 1106/1475/907 1105/1351/907
f 1116/1353/908 1115/1476/908 1108/1354/908
f 1105/1351/907 1116/1477/907 1109/1356/907
f 1115/1357/909 1118/1478/909 1120/1358/909
f 1114/1360/910 1120/1366/916 1119/1361/911
f 1112/1363/913 1110/1362/912 1119/1361/911
f 1121/1367/917 1122/1479/917 1124/1348/917
f 1117/1370/919 1112/1480/909 1113/1481/989
f 1113/1481/989 1122/1482/990 1117/1370/919
f 1122/1482/990 1121/1483/991 1117/1370/919
f 1121/1483/991 1111/1368/918 1117/1370/919
f 1106/1371/920 1113/1380/920 1112/1372/920
f 1116/1376/921 1105/1484/921 1118/1374/921
f 1105/1484/921 1112/1485/921 1118/1374/921
f 1124/1377/797 1122/1381/797 1113/1378/797
f 1107/1371/922 1104/1373/922 1114/1372/922
f 1114/1485/923 1104/1484/923 1120/1374/923
f 1104/1484/923 1109/1376/923 1120/1374/923
f 1123/1377/798 1107/1379/798 1111/1378/798
f 1139/1385/926 1140/1401/926 1132/1386/927
f 1131/1486/804 1133/1487/804 1129/1390/804
f 1133/1487/804 1135/1388/804 1129/1390/804
f 1135/1388/804 1138/1488/804 1126/1389/804
f 1138/1488/804 1143/1489/804 1126/1389/804
f 1143/1489/804 1141/1490/823 1126/1389/804
f 1126/1389/804 1125/1491/804 1142/1492/804
f 1142/1492/804 1130/1493/804 1126/1389/804
f 1130/1493/804 1129/1390/804 1126/1389/804
f 1129/1390/804 1139/1494/804 1131/1486/804
f 1132/1386/927 1134/1398/864 1133/1394/864
f 1128/1396/933 1140/1401/926 1139/1385/926
f 1134/1398/864 1136/1495/934 1135/1399/934
f 1125/1385/935 1147/1401/935 1144/1386/869
f 1144/1386/869 1145/1398/926 1130/1394/926
f 1150/1396/891 1147/1401/935 1125/1385/935
f 1145/1398/926 1128/1495/875 1129/1399/875
f 1151/1398/936 1150/1495/942 1126/1399/937
f 1136/1396/938 1148/1401/864 1138/1385/864
f 1143/1387/939 1152/1386/939 1151/1398/936
f 1138/1385/864 1148/1401/864 1152/1386/939
f 1154/1398/936 1155/1495/942 1179/1399/942
f 1161/1386/869 1160/1398/926 1175/1394/926
f 1173/1386/927 1171/1398/864 1172/1394/864
f 1155/1396/891 1158/1401/935 1180/1385/935
f 1180/1385/935 1158/1401/935 1161/1386/869
f 1169/1396/938 1157/1401/864 1167/1385/864
f 1174/1486/804 1172/1487/823 1170/1388/804
f 1170/1388/804 1167/1488/992 1162/1489/804
f 1162/1489/804 1164/1490/804 1179/1389/804
f 1179/1389/804 1180/1491/993 1163/1492/804
f 1163/1492/804 1175/1493/804 1176/1390/804
f 1176/1390/804 1166/1494/804 1170/1388/804
f 1166/1494/804 1174/1486/804 1170/1388/804
f 1170/1388/804 1162/1489/804 1179/1389/804
f 1179/1389/804 1163/1492/804 1176/1390/804
f 1160/1398/926 1177/1495/875 1176/1399/875
f 1153/1386/939 1154/1398/936 1164/1394/936
f 1171/1398/864 1169/1495/994 1170/1399/934
f 1167/1385/864 1157/1401/864 1153/1386/939
f 1176/1397/933 1177/1396/933 1165/1401/926
f 1166/1385/926 1165/1401/926 1173/1386/927
f 1184/1408/864 1186/1413/939 1185/1409/939
f 1186/1413/939 1188/1430/935 1187/1414/935
f 1187/1414/935 1188/1430/935 1190/1418/869
f 1190/1418/869 1192/1426/926 1191/1422/926
f 1192/1426/926 1194/1428/928 1193/1427/928
f 1194/1428/928 1184/1496/864 1183/1429/864
f 1209/1385/958 1201/1387/964 1202/1386/959
f 1205/1388/804 1203/1487/804 1199/1390/804
f 1203/1487/804 1201/1486/804 1199/1390/804
f 1201/1486/804 1209/1494/804 1199/1390/804
f 1199/1390/804 1200/1493/804 1196/1389/804
f 1200/1493/804 1212/1492/804 1196/1389/804
f 1212/1492/804 1195/1491/804 1196/1389/804
f 1196/1389/804 1211/1490/804 1213/1489/804
f 1213/1489/804 1208/1488/804 1196/1389/804
f 1208/1488/804 1205/1388/804 1196/1389/804
f 1203/1394/854 1204/1398/854 1202/1386/959
f 1209/1385/958 1210/1401/960 1198/1396/966
f 1205/1399/967 1206/1495/967 1204/1398/854
f 1195/1385/968 1212/1387/848 1214/1386/848
f 1200/1394/958 1215/1398/960 1214/1386/848
f 1195/1385/968 1217/1401/968 1220/1396/861
f 1199/1399/903 1198/1495/903 1215/1398/960
f 1196/1399/969 1220/1495/969 1221/1398/968
f 1208/1385/854 1218/1401/854 1206/1396/970
f 1211/1394/968 1221/1398/968 1222/1386/971
f 1208/1385/854 1213/1387/972 1222/1386/971
f 1249/1399/969 1225/1495/969 1224/1398/968
f 1245/1394/958 1230/1398/960 1231/1386/848
f 1242/1394/854 1241/1398/854 1243/1386/959
f 1250/1385/976 1228/1401/968 1225/1396/861
f 1250/1385/976 1233/1387/848 1231/1386/848
f 1237/1385/854 1227/1401/854 1239/1396/970
f 1240/1388/804 1242/1487/804 1244/1486/804
f 1244/1486/804 1236/1494/804 1240/1388/804
f 1236/1494/804 1246/1390/804 1240/1388/804
f 1246/1390/804 1245/1493/804 1233/1492/804
f 1233/1492/804 1250/1491/823 1249/1389/804
f 1249/1389/804 1234/1490/823 1232/1489/804
f 1232/1489/804 1237/1488/823 1240/1388/804
f 1246/1390/804 1233/1492/804 1249/1389/804
f 1249/1389/804 1232/1489/804 1240/1388/804
f 1246/1399/903 1247/1495/903 1230/1398/960
f 1234/1394/973 1224/1398/968 1223/1386/971
f 1240/1399/967 1239/1495/967 1241/1398/854
f 1237/1385/854 1232/1387/971 1223/1386/971
f 1236/1385/960 1235/1401/958 1247/1396/966
f 1236/1385/960 1244/1387/975 1243/1386/959
f 1255/1409/971 1256/1413/971 1254/1408/854
f 1257/1414/976 1258/1430/976 1256/1413/971
f 1257/1414/976 1259/1419/848 1260/1418/848
f 1261/1422/960 1262/1426/960 1260/1418/848
f 1263/1427/975 1264/1428/975 1262/1426/960
f 1253/1429/854 1254/1496/854 1264/1428/975
f 1268/1431/804 1272/1497/804 1271/1432/804
f 1266/1434/798 1268/1440/798 1267/1435/798
f 1270/1437/812 1266/1498/812 1265/1438/812
f 1272/1440/797 1270/1434/797 1269/1436/797
f 1271/1441/796 1269/1462/796 1265/1442/796
f 1275/1444/796 1276/1499/796 1274/1445/796
f 1277/1447/798 1279/1500/798 1273/1448/798
f 1280/1450/804 1275/1501/804 1273/1451/804
f 1275/1448/797 1280/1500/797 1278/1447/797
f 1280/1453/800 1279/1502/800 1277/1454/800
f 1278/1456/812 1277/1503/812 1274/1457/812
f 1272/1459/800 1268/1463/800 1266/1460/800
f 1287/1432/804 1288/1497/804 1284/1431/804
f 1283/1435/797 1284/1440/797 1282/1434/797
f 1281/1438/812 1282/1498/812 1286/1437/812
f 1285/1436/798 1286/1434/798 1288/1440/798
f 1283/1443/796 1281/1442/796 1285/1462/796
f 1290/1445/812 1292/1499/812 1291/1444/812
f 1289/1448/797 1295/1500/797 1293/1447/797
f 1289/1451/796 1291/1501/796 1296/1450/796
f 1294/1447/798 1296/1500/798 1291/1448/798
f 1293/1454/804 1295/1502/804 1296/1453/804
f 1290/1457/800 1293/1503/800 1294/1456/800
f 1286/1461/800 1282/1460/800 1284/1463/800
f 1311/1504/796 1309/1505/796 1306/1506/796
f 1297/1507/995 1315/1508/995 1298/1509/995
f 1317/1510/798 1299/1511/798 1309/1512/798
f 1298/1513/797 1315/1514/797 1306/1515/797
f 1309/1516/996 1308/1517/996 1306/1518/996
f 1302/1519/997 1301/1520/997 1300/1521/997
f 1304/1520/998 1305/1519/998 1303/1522/998
f 1302/1523/999 1312/1524/999 1313/1525/999
f 1300/1526/1000 1305/1527/1000 1302/1523/1000
f 1336/1528/995 1321/1529/995 1319/1530/995
f 1307/1531/804 1297/1532/804 1308/1533/804
f 1310/1534/1001 1316/1535/1001 1318/1536/1001
f 1301/1537/1002 1312/1538/1002 1304/1539/1002
f 1317/1540/1003 1318/1541/1003 1316/1542/1003
f 1333/1504/796 1331/1505/796 1332/1543/796
f 1337/1508/1004 1319/1507/1004 1320/1509/1004
f 1331/1512/797 1329/1544/797 1321/1511/797
f 1320/1513/798 1330/1545/798 1328/1515/798
f 1330/1517/996 1331/1516/996 1328/1518/996
f 1323/1520/1005 1324/1519/1005 1322/1521/1005
f 1327/1519/1006 1326/1520/1006 1325/1522/1006
f 1334/1524/1007 1324/1523/999 1335/1525/1007
f 1327/1527/1000 1322/1526/1000 1324/1523/1000
f 1330/1533/804 1319/1532/804 1329/1531/804
f 1338/1535/1008 1332/1534/1008 1340/1536/1008
f 1323/1537/1002 1334/1538/1002 1335/1546/1002
f 1338/1542/1009 1339/1540/1009 1336/1547/1009
f 1368/1548/798 1359/1549/798 1361/1550/798
f 1365/1551/798 1366/1552/798 1346/1553/798
f 1353/1554/798 1354/1555/798 1356/1556/798
f 1344/1557/796 1366/1552/796 1347/1558/796
f 1351/1559/800 1342/1560/800 1350/1561/800
f 1355/1562/800 1356/1563/800 1354/1564/800
f 1350/1565/1010 1354/1566/1010 1351/1567/1010
f 1353/1568/1011 1357/1569/1011 1352/1570/1011
f 1360/1571/800 1343/1572/800 1369/1573/800
f 1342/1574/1012 1365/1575/1012 1344/1576/1012
f 1369/1577/812 1365/1578/812 1345/1579/812
f 1364/1580/804 1363/1581/804 1341/1582/804
f 1364/1583/1013 1347/1558/1013 1366/1552/1013
f 1367/1584/796 1364/1580/796 1365/1585/796
f 1353/1586/800 1341/1587/800 1362/1588/800
f 1314/1528/1004 1299/1529/1004 1317/1589/1004
f 1367/1551/797 1376/1552/797 1363/1590/797
f 1362/1554/797 1372/1555/797 1360/1591/797
f 1368/1557/796 1376/1552/796 1370/1553/796
f 1374/1563/800 1373/1562/800 1372/1564/800
f 1372/1566/1014 1359/1565/1014 1360/1567/1014
f 1375/1569/1011 1362/1568/1011 1361/1570/1011
f 1371/1558/1013 1363/1583/1013 1376/1552/1013
f 1367/1575/1015 1369/1592/1015 1343/1574/1015
f 1352/1550/797 1355/1593/797 1350/1549/797
f 1311/1504/796 1310/1543/796 1309/1505/796
f 1297/1507/995 1314/1594/995 1315/1508/995
f 1307/1544/798 1309/1512/798 1299/1511/798
f 1309/1512/798 1310/1595/798 1317/1510/798
f 1310/1595/798 1318/1596/798 1317/1510/798
f 1316/1597/797 1311/1598/797 1315/1514/797
f 1311/1598/797 1306/1515/797 1315/1514/797
f 1306/1515/797 1308/1545/797 1298/1513/797
f 1309/1516/996 1307/1599/996 1308/1517/996
f 1302/1519/997 1313/1600/997 1301/1520/997
f 1304/1520/998 1312/1601/998 1305/1519/998
f 1302/1523/999 1305/1527/999 1312/1524/999
f 1300/1526/1000 1303/1602/1000 1305/1527/1000
f 1336/1528/995 1339/1589/995 1321/1529/995
f 1299/1603/804 1297/1532/804 1307/1531/804
f 1297/1532/804 1298/1604/804 1308/1533/804
f 1310/1534/1001 1311/1605/1001 1316/1535/1001
f 1301/1537/1002 1313/1546/1002 1312/1538/1002
f 1316/1542/1003 1315/1606/1003 1314/1547/1003
f 1314/1547/1003 1317/1540/1003 1316/1542/1003
f 1333/1504/796 1328/1506/796 1331/1505/796
f 1337/1508/1004 1336/1594/1004 1319/1507/1004
f 1321/1511/797 1339/1510/797 1331/1512/797
f 1339/1510/797 1340/1596/797 1332/1595/797
f 1331/1512/797 1339/1510/797 1332/1595/797
f 1328/1515/798 1333/1598/798 1337/1514/798
f 1333/1598/798 1338/1597/798 1337/1514/798
f 1337/1514/798 1320/1513/798 1328/1515/798
f 1330/1517/996 1329/1599/996 1331/1516/996
f 1323/1520/1005 1335/1600/1005 1324/1519/1005
f 1327/1519/1006 1334/1601/1006 1326/1520/1006
f 1334/1524/1007 1327/1527/999 1324/1523/999
f 1327/1527/1016 1325/1602/1016 1322/1526/1016
f 1320/1604/804 1319/1532/804 1330/1533/804
f 1319/1532/804 1321/1603/804 1329/1531/804
f 1338/1535/1008 1333/1605/1008 1332/1534/1008
f 1323/1537/1002 1326/1539/1002 1334/1538/1002
f 1336/1547/1009 1337/1606/1009 1338/1542/1009
f 1338/1542/1009 1340/1541/1009 1339/1540/1009
f 1341/1607/798 1349/1608/798 1361/1550/798
f 1349/1608/798 1371/1609/798 1361/1550/798
f 1371/1609/798 1368/1548/798 1361/1550/798
f 1368/1548/798 1343/1610/798 1359/1549/798
f 1359/1549/798 1373/1593/798 1361/1550/798
f 1373/1593/798 1375/1611/798 1361/1550/798
f 1365/1551/798 1364/1590/798 1366/1552/798
f 1353/1554/798 1351/1591/798 1354/1555/798
f 1344/1557/796 1346/1553/796 1366/1552/796
f 1351/1559/800 1345/1612/800 1342/1560/800
f 1355/1562/800 1357/1613/800 1356/1563/800
f 1350/1565/1010 1355/1614/1010 1354/1566/1010
f 1353/1568/1011 1356/1615/1011 1357/1569/1011
f 1360/1571/800 1359/1616/800 1343/1572/800
f 1345/1592/1012 1365/1575/1012 1342/1574/1012
f 1365/1575/1012 1346/1617/1012 1344/1576/1012
f 1369/1577/812 1367/1618/812 1365/1578/812
f 1363/1581/804 1349/1619/804 1341/1582/804
f 1341/1582/804 1358/1620/804 1364/1580/804
f 1358/1620/804 1348/1621/804 1364/1580/804
f 1364/1583/1013 1348/1622/1013 1347/1558/1013
f 1367/1584/796 1363/1581/796 1364/1580/796
f 1352/1623/800 1358/1624/800 1353/1586/800
f 1358/1624/800 1341/1587/800 1353/1586/800
f 1341/1587/800 1361/1625/800 1362/1588/800
f 1362/1588/800 1360/1571/800 1353/1586/800
f 1360/1571/800 1369/1573/800 1351/1559/800
f 1353/1586/800 1360/1571/800 1351/1559/800
f 1369/1573/800 1345/1612/800 1351/1559/800
f 1314/1528/1004 1297/1530/1004 1299/1529/1004
f 1367/1551/797 1370/1553/797 1376/1552/797
f 1362/1554/797 1374/1556/797 1372/1555/797
f 1368/1557/796 1371/1558/796 1376/1552/796
f 1374/1563/800 1375/1613/800 1373/1562/800
f 1372/1566/1014 1373/1614/1014 1359/1565/1014
f 1375/1569/1011 1374/1615/1011 1362/1568/1011
f 1371/1558/1013 1349/1622/1013 1363/1583/1013
f 1343/1574/1015 1368/1576/1015 1367/1575/1015
f 1368/1576/1015 1370/1617/1015 1367/1575/1015
f 1342/1610/797 1344/1548/797 1350/1549/797
f 1344/1548/797 1347/1609/797 1352/1550/797
f 1350/1549/797 1344/1548/797 1352/1550/797
f 1347/1609/797 1348/1608/797 1352/1550/797
f 1348/1608/797 1358/1607/797 1352/1550/797
f 1352/1550/797 1357/1611/797 1355/1593/797
f 1378/1626/1017 1379/1627/1017 1383/1628/1017
f 1380/1629/1018 1383/1630/1018 1381/1631/1018
f 1384/1629/1019 1379/1630/1019 1382/1632/1019
f 1381/1633/1020 1379/1634/1020 1377/1635/1020
f 1382/1636/1021 1380/1637/1021 1384/1638/1021
f 1384/1639/1022 1381/1640/1022 1377/1641/1022
f 1387/1627/1023 1386/1626/1023 1391/1628/1023
f 1391/1630/1024 1388/1629/1024 1389/1631/1024
f 1392/1629/1025 1387/1630/1025 1385/1631/1025
f 1385/1635/1026 1391/1642/1026 1389/1633/1026
f 1392/1638/1027 1386/1643/1027 1390/1636/1027
f 1388/1644/1028 1385/1641/1028 1389/1640/1028
f 1403/1645/1029 1402/1646/1029 1401/1647/1029
f 1397/1648/1029 1399/1649/1029 1394/1650/1029
f 1402/1651/1030 1407/1652/1030 1408/1653/1030
f 1411/1654/1031 1393/1655/1031 1396/1656/1031
f 1400/1657/1032 1401/1658/1032 1399/1659/1032
f 1399/1660/1025 1401/1661/1025 1409/1662/1025
f 1398/1663/1033 1394/1664/1033 1395/1665/1033
f 1406/1666/1034 1396/1667/1034 1393/1668/1034
f 1408/1669/1035 1405/1670/1035 1406/1671/1035
f 1398/1672/1031 1410/1673/1031 1412/1674/1031
f 1411/1675/1036 1410/1676/1036 1409/1677/1036
f 1413/1678/1037 1416/1679/1038 1415/1680/1038
f 1419/1681/1039 1418/1682/1039 1417/1683/1039
f 1418/1684/1031 1416/1685/1031 1414/1686/1031
f 1415/1687/1029 1417/1688/1029 1413/1689/1029
f 1416/1679/1040 1419/1681/1040 1415/1680/1040
f 1428/1690/1018 1431/1691/1018 1439/1692/1018
f 1435/1693/1041 1430/1694/1042 1436/1695/1041
f 1437/1696/1043 1424/1697/1043 1421/1698/1043
f 1423/1699/1044 1425/1700/1044 1426/1701/1044
f 1437/1702/1019 1421/1703/1019 1436/1704/1019
f 1427/1705/1045 1425/1706/1045 1422/1707/1045
f 1430/1708/1045 1431/1709/1045 1429/1710/1045
f 1429/1711/1046 1428/1712/1046 1427/1713/1046
f 1424/1714/1047 1434/1715/1047 1421/1716/1047
f 1433/1717/1048 1436/1718/1041 1434/1719/1048
f 1440/1720/1043 1423/1721/1043 1426/1722/1043
f 1439/1723/1049 1438/1724/1049 1440/1725/1049
f 1441/1726/1050 1444/1727/1050 1442/1728/1050
f 1446/1729/1051 1447/1730/1051 1445/1731/1051
f 1444/1732/1043 1446/1733/1043 1442/1734/1043
f 1443/1735/1045 1445/1736/1045 1447/1737/1045
f 1444/1727/1052 1447/1730/1052 1448/1738/1052
f 1449/1739/1053 1456/1740/812 1450/1741/1054
f 1450/1742/1055 1476/1743/797 1475/1744/1055
f 1450/1741/1054 1456/1740/812 1451/1745/1056
f 1451/1746/797 1477/1747/1057 1476/1743/797
f 1451/1745/1056 1456/1740/812 1452/1748/1058
f 1452/1749/1057 1478/1750/796 1477/1747/1057
f 1452/1748/1058 1456/1740/812 1453/1751/1059
f 1453/1752/796 1479/1753/1060 1478/1754/796
f 1453/1755/1059 1456/1740/812 1454/1756/1061
f 1454/1757/1060 1480/1758/798 1479/1753/1060
f 1454/1756/1061 1456/1740/812 1455/1759/1062
f 1455/1760/798 1481/1761/1063 1480/1758/798
f 1455/1759/1062 1456/1740/812 1457/1762/1064
f 1481/1761/1063 1449/1763/800 1474/1764/800
f 1457/1762/1064 1456/1740/812 1449/1739/1053
f 1469/1765/1065 1460/1766/1065 1466/1767/1065
f 1470/1768/1066 1465/1769/1066 1473/1770/1066
f 1469/1771/797 1465/1772/797 1461/1773/797
f 1465/1774/796 1460/1775/796 1461/1776/796
f 1462/1777/1067 1459/1778/1067 1458/1779/1067
f 1463/1780/797 1468/1781/797 1459/1782/797
f 1471/1783/1068 1463/1784/1068 1462/1785/1068
f 1459/1786/1069 1467/1787/1069 1458/1788/1069
f 1476/1789/1070 1477/1790/1071 1482/1791/804
f 1449/1763/800 1475/1744/1055 1474/1764/800
f 1474/1792/1072 1475/1793/1073 1482/1791/804
f 1481/1794/1074 1474/1792/1072 1482/1791/804
f 1479/1795/1075 1480/1796/1076 1482/1791/804
f 1477/1790/1071 1478/1797/1077 1482/1791/804
f 1475/1793/1073 1476/1789/1070 1482/1791/804
f 1480/1796/1076 1481/1794/1074 1482/1791/804
f 1478/1798/1077 1479/1795/1075 1482/1791/804
f 1460/1773/798 1470/1799/798 1466/1771/798
f 1467/1781/798 1462/1780/798 1458/1782/798
f 1491/1800/812 1523/1801/812 1497/1802/941
f 1509/1803/1078 1513/1804/1078 1507/1805/1078
f 1492/1806/797 1521/1807/797 1503/1808/797
f 1504/1809/796 1485/1810/796 1483/1811/796
f 1500/1812/800 1511/1813/800 1486/1814/800
f 1493/1815/1079 1492/1816/1079 1495/1817/1079
f 1487/1818/796 1497/1819/796 1501/1820/796
f 1490/1821/804 1494/1822/804 1493/1823/804
f 1508/1824/812 1506/1825/812 1512/1826/812
f 1488/1827/800 1502/1828/800 1498/1829/800
f 1485/1830/804 1500/1831/804 1486/1832/804
f 1509/1833/796 1515/1834/796 1514/1835/796
f 1516/1836/797 1514/1837/797 1515/1838/797
f 1512/1839/1080 1507/1840/1080 1513/1841/1080
f 1499/1842/800 1523/1843/800 1505/1844/800
f 1499/1845/1081 1490/1846/1082 1489/1847/1081
f 1516/1848/804 1515/1849/804 1509/1850/804
f 1495/1851/1083 1520/1852/1083 1519/1853/1083
f 1500/1854/797 1503/1808/797 1518/1855/797
f 1484/1856/812 1501/1857/812 1502/1858/812
f 1519/1859/804 1504/1860/804 1483/1861/804
f 1505/1862/797 1491/1863/797 1487/1864/797
f 1521/1865/812 1498/1866/812 1522/1867/812
f 1508/1824/812 1518/1868/812 1517/1869/812
f 1526/1870/812 1525/1871/812 1527/1872/812
f 1518/1873/796 1525/1874/796 1517/1875/796
f 1522/1876/800 1526/1877/800 1521/1878/800
f 1531/1879/804 1534/1880/804 1530/1881/804
f 1535/1882/797 1532/1883/797 1534/1884/797
f 1533/1885/812 1528/1886/812 1532/1887/812
f 1542/1888/1084 1539/1889/1085 1538/1890/1084
f 1540/1891/1086 1537/1892/1087 1536/1893/1086
f 1539/1889/1085 1540/1894/1086 1536/1895/1086
f 1537/1892/1087 1542/1888/1084 1538/1890/1084
f 1541/1896/1088 1544/1897/800 1542/1898/1089
f 1542/1898/1089 1544/1897/800 1543/1899/1090
f 1543/1899/1090 1544/1897/800 1540/1900/1091
f 1540/1901/1091 1544/1897/800 1541/1896/1088
f 1522/1807/798 1517/1855/798 1524/1902/798
f 1546/1837/798 1511/1836/798 1510/1838/798
f 1486/1854/798 1546/1837/798 1508/1903/798
f 1493/1904/798 1502/1905/798 1501/1864/798
f 1528/1883/798 1531/1882/798 1530/1884/798
f 1509/1803/1092 1545/1804/1092 1546/1906/1092
f 1509/1833/796 1546/1835/796 1510/1834/796
f 1508/1839/1093 1507/1840/1093 1506/1907/1093
f 1548/1908/800 1550/1909/800 1549/1910/800
f 1547/1911/1094 1550/1912/1094 1551/1913/1094
f 1554/1914/797 1549/1915/797 1547/1916/797
f 1563/1917/1095 1572/1918/1095 1562/1919/1095
f 1557/1920/1096 1565/1921/1096 1556/1922/1096
f 1554/1923/1097 1553/1924/1097 1552/1925/1097
f 1564/1926/1098 1562/1927/1098 1565/1928/1098
f 1561/1929/1099 1558/1930/1099 1559/1931/1099
f 1556/1932/1100 1560/1933/1100 1557/1934/1100
f 1573/1935/796 1559/1936/796 1572/1937/796
f 1569/1938/1101 1566/1939/1101 1568/1940/1101
f 1567/1941/1102 1568/1942/1102 1566/1943/1102
f 1571/1944/796 1566/1943/796 1570/1945/796
f 1571/1944/1103 1570/1945/1103 1569/1946/1103
f 1565/1947/797 1559/1948/797 1556/1949/797
f 1577/1950/804 1580/1951/804 1576/1952/804
f 1581/1953/797 1578/1954/797 1580/1955/797
f 1579/1956/812 1574/1957/812 1578/1958/812
f 1580/1959/796 1574/1960/796 1576/1961/796
f 1577/1962/800 1579/1963/800 1581/1964/800
f 1550/1912/1104 1582/1911/1104 1551/1913/1104
f 1548/1915/798 1555/1914/798 1582/1916/798
f 1567/1939/1105 1569/1938/1105 1568/1940/1105
f 1561/1948/798 1573/1965/798 1564/1947/798
f 1574/1954/798 1577/1953/798 1576/1955/798
f 1411/1662/1024 1396/1966/1106 1407/1967/1106
f 1378/1626/1017 1382/1968/1017 1379/1627/1017
f 1380/1629/1018 1378/1632/1018 1383/1630/1018
f 1384/1629/1019 1377/1631/1019 1379/1630/1019
f 1381/1633/1020 1383/1642/1020 1379/1634/1020
f 1382/1636/1021 1378/1643/1021 1380/1637/1021
f 1384/1639/1022 1380/1644/1022 1381/1640/1022
f 1387/1627/1023 1390/1968/1023 1386/1626/1023
f 1391/1630/1024 1386/1632/1024 1388/1629/1024
f 1392/1629/1025 1390/1632/1025 1387/1630/1025
f 1385/1635/1026 1387/1634/1026 1391/1642/1026
f 1392/1638/1027 1388/1637/1027 1386/1643/1027
f 1388/1644/1028 1392/1639/1028 1385/1641/1028
f 1403/1645/1029 1404/1969/1029 1402/1646/1029
f 1397/1648/1029 1400/1970/1029 1399/1649/1029
f 1402/1651/1030 1404/1971/1030 1407/1652/1030
f 1411/1654/1031 1409/1972/1031 1393/1655/1031
f 1400/1657/1032 1403/1973/1032 1401/1658/1032
f 1406/1974/1107 1393/1966/1107 1408/1967/1107
f 1393/1966/1107 1409/1662/1025 1408/1967/1107
f 1410/1975/1025 1395/1976/1025 1394/1977/1025
f 1409/1662/1025 1410/1975/1025 1399/1660/1025
f 1408/1967/1107 1409/1662/1025 1401/1661/1025
f 1401/1661/1025 1402/1978/1025 1408/1967/1107
f 1410/1975/1025 1394/1977/1025 1399/1660/1025
f 1398/1663/1033 1397/1979/1033 1394/1664/1033
f 1406/1666/1034 1405/1980/1034 1396/1667/1034
f 1408/1669/1035 1407/1981/1035 1405/1670/1035
f 1398/1672/1031 1395/1982/1031 1410/1673/1031
f 1411/1675/1036 1412/1983/1036 1410/1676/1036
f 1413/1678/1037 1414/1984/1037 1416/1679/1038
f 1419/1681/1039 1420/1985/1108 1418/1682/1039
f 1418/1684/1031 1420/1986/1031 1416/1685/1031
f 1415/1687/1029 1419/1987/1029 1417/1688/1029
f 1416/1679/1040 1420/1985/1040 1419/1681/1040
f 1433/1988/1018 1424/1989/1018 1435/1990/1018
f 1424/1989/1018 1439/1692/1018 1435/1990/1018
f 1440/1991/1018 1426/1992/1018 1425/1993/1018
f 1439/1692/1018 1440/1991/1018 1428/1690/1018
f 1435/1990/1018 1439/1692/1018 1431/1691/1018
f 1431/1691/1018 1432/1994/1109 1435/1990/1018
f 1440/1991/1018 1425/1993/1018 1428/1690/1018
f 1435/1693/1041 1432/1995/1042 1430/1694/1042
f 1437/1696/1043 1439/1996/1043 1424/1697/1043
f 1423/1699/1044 1422/1997/1044 1425/1700/1044
f 1436/1704/1019 1430/1998/1019 1429/1999/1019
f 1427/2000/1019 1422/2001/1019 1438/2002/1019
f 1422/2001/1019 1423/2003/1019 1438/2002/1019
f 1436/1704/1019 1429/1999/1019 1437/1702/1019
f 1429/1999/1019 1427/2000/1019 1437/1702/1019
f 1421/1703/1019 1434/2004/1019 1436/1704/1019
f 1438/2002/1019 1437/1702/1019 1427/2000/1019
f 1427/1705/1045 1428/2005/1045 1425/1706/1045
f 1430/1708/1045 1432/2006/1045 1431/1709/1045
f 1429/1711/1046 1431/2007/1046 1428/1712/1046
f 1424/1714/1047 1433/2008/1047 1434/1715/1047
f 1433/1717/1048 1435/2009/1041 1436/1718/1041
f 1440/1720/1043 1438/2010/1043 1423/1721/1043
f 1439/1723/1049 1437/2011/1049 1438/1724/1049
f 1441/1726/1050 1443/2012/1050 1444/1727/1050
f 1446/1729/1051 1448/1738/1051 1447/1730/1051
f 1444/1732/1043 1448/2013/1043 1446/1733/1043
f 1443/1735/1045 1441/2014/1045 1445/1736/1045
f 1444/1727/1052 1443/2012/1052 1447/1730/1052
f 1450/1742/1055 1451/1746/797 1476/1743/797
f 1451/1746/797 1452/1749/1057 1477/1747/1057
f 1452/1749/1057 1453/2015/796 1478/1750/796
f 1453/1752/796 1454/1757/1060 1479/1753/1060
f 1454/1757/1060 1455/1760/798 1480/1758/798
f 1455/1760/798 1457/2016/1063 1481/1761/1063
f 1481/1761/1063 1457/2016/1063 1449/1763/800
f 1469/1765/1065 1461/2017/1065 1460/1766/1065
f 1470/1768/1066 1464/2018/1066 1465/1769/1066
f 1469/1771/797 1473/1799/797 1465/1772/797
f 1465/1774/796 1464/2019/796 1460/1775/796
f 1462/1777/1067 1463/2020/1067 1459/1778/1067
f 1463/1780/797 1472/2021/797 1468/1781/797
f 1471/1783/1068 1472/2022/1068 1463/1784/1068
f 1459/1786/1069 1468/2023/1069 1467/1787/1069
f 1449/1763/800 1450/1742/1055 1475/1744/1055
f 1460/1773/798 1464/1772/798 1470/1799/798
f 1467/1781/798 1471/2021/798 1462/1780/798
f 1491/1800/812 1505/2024/812 1523/1801/812
f 1509/1803/1078 1514/1906/1078 1513/1804/1078
f 1521/1807/797 1526/1902/797 1527/2025/797
f 1518/1855/797 1503/1808/797 1521/1807/797
f 1503/1808/797 1504/2026/797 1520/2027/797
f 1521/1807/797 1527/2025/797 1518/1855/797
f 1520/2027/797 1492/1806/797 1503/1808/797
f 1504/1809/796 1503/2028/796 1485/1810/796
f 1500/1812/800 1516/2029/800 1511/1813/800
f 1493/1815/1079 1494/2030/1079 1492/1816/1079
f 1487/1818/796 1491/2031/796 1497/1819/796
f 1490/1821/804 1496/2032/804 1494/1822/804
f 1488/1827/800 1484/2033/800 1502/1828/800
f 1485/1830/804 1503/2034/804 1500/1831/804
f 1516/1836/797 1500/1854/797 1514/1837/797
f 1512/1839/1080 1506/1907/1080 1507/1840/1080
f 1499/1842/800 1489/2035/800 1523/1843/800
f 1499/1845/1081 1496/2036/1082 1490/1846/1082
f 1509/1850/804 1510/2037/804 1511/2038/804
f 1511/2038/804 1516/1848/804 1509/1850/804
f 1495/1851/1083 1492/2039/1083 1520/1852/1083
f 1518/1855/797 1512/1903/797 1500/1854/797
f 1512/1903/797 1513/2040/797 1514/1837/797
f 1500/1854/797 1512/1903/797 1514/1837/797
f 1484/1856/812 1487/2041/812 1501/1857/812
f 1519/1859/804 1520/2042/804 1504/1860/804
f 1488/2043/797 1521/1807/797 1484/1905/797
f 1521/1807/797 1492/1806/797 1484/1905/797
f 1492/1806/797 1494/1904/797 1484/1905/797
f 1494/1904/797 1496/2044/797 1487/1864/797
f 1484/1905/797 1494/1904/797 1487/1864/797
f 1496/2044/797 1499/2045/797 1487/1864/797
f 1499/2045/797 1505/1862/797 1487/1864/797
f 1521/1865/812 1488/2046/812 1498/1866/812
f 1508/1824/812 1512/1826/812 1518/1868/812
f 1526/1870/812 1524/2047/812 1525/1871/812
f 1518/1873/796 1527/2048/796 1525/1874/796
f 1522/1876/800 1524/2049/800 1526/1877/800
f 1531/1879/804 1535/2050/804 1534/1880/804
f 1535/1882/797 1533/2051/797 1532/1883/797
f 1533/1885/812 1529/2052/812 1528/1886/812
f 1542/1888/1084 1543/2053/1085 1539/1889/1085
f 1540/1891/1086 1541/2054/1087 1537/1892/1087
f 1539/1889/1085 1543/2053/1085 1540/1894/1086
f 1537/1892/1087 1541/2054/1087 1542/1888/1084
f 1522/1807/798 1495/1806/798 1485/1808/798
f 1495/1806/798 1519/2027/798 1485/1808/798
f 1519/2027/798 1483/2026/798 1485/1808/798
f 1517/1855/798 1525/2025/798 1524/1902/798
f 1485/1808/798 1517/1855/798 1522/1807/798
f 1546/1837/798 1486/1854/798 1511/1836/798
f 1545/2040/798 1508/1903/798 1546/1837/798
f 1508/1903/798 1517/1855/798 1486/1854/798
f 1517/1855/798 1485/1808/798 1486/1854/798
f 1495/1806/798 1522/1807/798 1498/2043/798
f 1495/1806/798 1498/2043/798 1502/1905/798
f 1490/2044/798 1493/1904/798 1501/1864/798
f 1493/1904/798 1495/1806/798 1502/1905/798
f 1523/1862/798 1489/2055/798 1501/1864/798
f 1489/2055/798 1490/2044/798 1501/1864/798
f 1501/1864/798 1497/1863/798 1523/1862/798
f 1528/1883/798 1529/2051/798 1531/1882/798
f 1509/1803/1092 1507/1805/1092 1545/1804/1092
f 1508/1839/1093 1545/1841/1093 1507/1840/1093
f 1549/1910/800 1552/2056/800 1553/2057/800
f 1553/2057/800 1548/1908/800 1549/1910/800
f 1547/1911/1094 1549/2058/1094 1550/1912/1094
f 1554/1914/797 1552/2059/797 1549/1915/797
f 1563/1917/1095 1573/2060/1095 1572/1918/1095
f 1557/1920/1096 1564/2061/1096 1565/1921/1096
f 1554/1923/1097 1555/2062/1097 1553/1924/1097
f 1564/1926/1098 1563/2063/1098 1562/1927/1098
f 1561/1929/1099 1560/2064/1099 1558/1930/1099
f 1556/1932/1100 1558/2065/1100 1560/1933/1100
f 1573/1935/796 1561/2066/796 1559/1936/796
f 1569/1938/1101 1570/2067/1101 1566/1939/1101
f 1571/1944/796 1567/1941/796 1566/1943/796
f 1565/1947/797 1562/2068/797 1572/1965/797
f 1572/1965/797 1559/1948/797 1565/1947/797
f 1559/1948/797 1558/2069/797 1556/1949/797
f 1577/1950/804 1581/2070/804 1580/1951/804
f 1581/1953/797 1579/2071/797 1578/1954/797
f 1579/1956/812 1575/2072/812 1574/1957/812
f 1580/1959/796 1578/2073/796 1574/1960/796
f 1577/1962/800 1575/2074/800 1579/1963/800
f 1550/1912/1104 1548/2058/1104 1582/1911/1104
f 1548/1915/798 1553/2059/798 1555/1914/798
f 1567/1939/1105 1571/2067/1105 1569/1938/1105
f 1573/1965/798 1563/2068/798 1564/1947/798
f 1564/1947/798 1557/1949/798 1561/1948/798
f 1557/1949/798 1560/2069/798 1561/1948/798
f 1574/1954/798 1575/2071/798 1577/1953/798
f 1407/1967/1106 1404/1978/1024 1403/1661/1106
f 1400/1660/1024 1397/1977/1024 1412/1975/1024
f 1397/1977/1024 1398/1976/1024 1412/1975/1024
f 1407/1967/1106 1403/1661/1106 1411/1662/1024
f 1403/1661/1106 1400/1660/1024 1411/1662/1024
f 1396/1966/1106 1405/1974/1106 1407/1967/1106
f 1412/1975/1024 1411/1662/1024 1400/1660/1024
